departamento,codigo_divipola_departamento,municipio,codigo_divipola_municipio,programa,año_de_asignacion,estado_de_postulacion,hogares,valor_asignado
VALLE DEL CAUCA,76,JAMUNDÍ,76364,MI CASA YA,2024,Asignados,44,1391000000.0
ANTIOQUIA,5,BELLO,5088,MI CASA YA,2017,Asignados,5,73771700.0
NORTE DE SANTANDER,54,SARDINATA,54720,Bolsa Desplazados,2007,Asignados,36,386259750.0
VALLE DEL CAUCA,76,SEVILLA,76736,Programa Vivienda Gratuita Fase I,2014,Asignados,3,137215362.0
VALLE DEL CAUCA,76,CANDELARIA,76130,MI CASA YA,2021,Asignados,24,572371380.0
BOLÍVAR,13,CARTAGENA DE INDIAS,13001,MI CASA YA,2019,Asignados,15,322965240.0
VALLE DEL CAUCA,76,SANTIAGO DE CALI,76001,Semillero de Propietarios Arriendo,2022,Asignados,11,158126508.0
ATLÁNTICO,8,SOLEDAD,8758,Semillero de Propietarios Arriendo,2022,Asignados,1,15344640.0
CAUCA,19,SANTANDER DE QUILICHAO,19698,MI CASA YA,2022,Asignados,10,260000000.0
VALLE DEL CAUCA,76,PALMIRA,76520,Bolsa Ordinaria,2003,Apto con subsidio vencido,6,40479000.0
HUILA,41,NEIVA,41001,MI CASA YA,2024,Asignados,11,338000000.0
NORTE DE SANTANDER,54,SAN JOSÉ DE CÚCUTA,54001,VIPA,2016,Asignados,22,448145750.0
RISARALDA,66,DOSQUEBRADAS,66170,MI CASA YA,2024,Renuncias al subsidio,2,52000000.0
CUNDINAMARCA,25,ZIPAQUIRÁ,25899,MI CASA YA,2018,Asignados,1,15624840.0
CHOCÓ,27,RÍO QUITO,27600,Bolsa Esfuerzo Territorial,2011,Asignados,57,671106800.0
SUCRE,70,SINCELEJO,70001,Ahorro Programado Contractual,2012,Apto con subsidio vencido,2,15318160.0
SANTANDER,68,MÁLAGA,68432,MI CASA YA,2023,Asignados,1,23200000.0
BOLÍVAR,13,TURBACO,13836,MI CASA YA,2024,Asignados,12,416000000.0
CAUCA,19,TOTORÓ,19824,Programa Vivienda Gratuita Fase II,2019,Asignados,29,1607828620.0
ANTIOQUIA,5,BELLO,5088,Fenómeno de la Niña,2013,Renuncias al subsidio,20,358073190.0
CUNDINAMARCA,25,ZIPAQUIRÁ,25899,Semillero de Propietarios Arriendo,2021,Asignados,14,176381424.0
NORTE DE SANTANDER,54,ÁBREGO,54003,Bolsa Desplazados,2007,Asignados,10,112489500.0
META,50,SAN CARLOS DE GUAROA,50680,Semillero de Propietarios Arriendo,2022,Asignados,27,410213376.0
SANTANDER,68,GIRÓN,68307,MI CASA YA,2024,Asignados,20,728000000.0
VALLE DEL CAUCA,76,GUACARÍ,76318,MI CASA YA,2019,Asignados,13,322965240.0
ANTIOQUIA,5,DONMATÍAS,5237,MI CASA YA,2020,Asignados,2,52668180.0
META,50,ACACÍAS,50006,Semillero de Propietarios Arriendo,2022,Asignados,1,15344640.0
VALLE DEL CAUCA,76,YUMBO,76892,Ahorro Programado Contractual,2011,Apto con subsidio vencido,11,123534584.0
CUNDINAMARCA,25,TOCANCIPÁ,25817,MI CASA YA,2021,Asignados,27,490604040.0
TOLIMA,73,IBAGUÉ,73001,MI CASA YA,2022,Asignados,48,1170000000.0
"BOGOTÁ, D.C.",11,"BOGOTÁ, D.C.",11001,Bolsa Desplazados,2010,Asignado con aplicación en Vivienda Gratuita,32,468650000.0
NORTE DE SANTANDER,54,LOS PATIOS,54405,MI CASA YA,2019,Asignados,4,74530440.0
CUNDINAMARCA,25,EL COLEGIO,25245,MI CASA YA,2024,Asignados,1,26000000.0
ATLÁNTICO,8,BARRANQUILLA,8001,MI CASA YA,2020,Asignados,7,149226510.0
BOLÍVAR,13,CARTAGENA DE INDIAS,13001,MI CASA YA,2024,Renuncias al subsidio,3,104000000.0
BOYACÁ,15,BOAVITA,15097,MI CASA YA,2023,Asignados,1,34800000.0
TOLIMA,73,ESPINAL,73268,MI CASA YA,2024,Asignados,6,221000000.0
CESAR,20,VALLEDUPAR,20001,MI CASA YA,2020,Asignados,9,158004540.0
CAUCA,19,POPAYÁN,19001,MI CASA YA,2020,Asignados,4,87780300.0
HUILA,41,LA PLATA,41396,MI CASA YA,2021,Asignados,1,18170520.0
CUNDINAMARCA,25,MADRID,25430,MI CASA YA,2019,Asignados,3,57968120.0
NORTE DE SANTANDER,54,LOS PATIOS,54405,MI CASA YA,2019,Asignados,1,16562320.0
SUCRE,70,SINCELEJO,70001,MI CASA YA,2022,Asignados,11,310000000.0
RISARALDA,66,DOSQUEBRADAS,66170,VIPA,2016,Renuncias al subsidio,11,227520150.0
ANTIOQUIA,5,CAREPA,5147,Bolsa Desplazados,2010,Asignados,45,614137500.0
ATLÁNTICO,8,SOLEDAD,8758,MI CASA YA,2024,Asignados,97,3640000000.0
NARIÑO,52,PASTO,52001,MI CASA YA,2017,Asignados,5,73771700.0
ATLÁNTICO,8,BARRANQUILLA,8001,MI CASA YA,2021,Asignados,30,663223980.0
TOLIMA,73,IBAGUÉ,73001,MI CASA YA,2018,Asignados,19,406245840.0
VALLE DEL CAUCA,76,TORO,76823,Ahorro Programado Contractual,2011,Apto con subsidio vencido,1,7659080.0
CÓRDOBA,23,MONTERÍA,23001,MI CASA YA,2019,Asignados,3,66249280.0
HUILA,41,NEIVA,41001,Bolsa Ordinaria,2003,Asignados,72,527898837.0
BOLÍVAR,13,CANTAGALLO,13160,Casa Digna Vida Digna,2025,Asignados,2,31200000.0
ANTIOQUIA,5,EL BAGRE,5250,Bolsa Concejales,2008,Asignados,1,5307250.0
CAQUETÁ,18,FLORENCIA,18001,Programa Vivienda Gratuita Fase I,2018,Asignados,82,3792498566.0
CUNDINAMARCA,25,MADRID,25430,MI CASA YA,2021,Asignados,4,72682080.0
"BOGOTÁ, D.C.",11,"BOGOTÁ, D.C.",11001,VIPA,2016,Asignados,4,73078663.0
CAUCA,19,CAJIBÍO,19130,Casa Digna Vida Digna,2024,Asignados,14,194880000.0
CESAR,20,AGUSTÍN CODAZZI,20013,Habilitación de Titulos,2007,Restitucion de subsidios no aplicados,57,5700000.0
ANTIOQUIA,5,URRAO,5847,Bolsa Desplazados,2010,Asignado con aplicación en Vivienda Gratuita,5,64375000.0
BOLÍVAR,13,SAN MARTÍN DE LOBA,13667,Bolsa Esfuerzo Territorial,2007,Restitución SFV por Indemnización,90,819630000.0
ANTIOQUIA,5,ANDES,5034,MI CASA YA,2017,Asignados,1,14754340.0
SANTANDER,68,SAN JOAQUÍN,68682,Bolsa Esfuerzo Territorial,2006,Asignados,28,222600000.0
BOYACÁ,15,FLORESTA,15276,Casa Digna Vida Digna,2025,Asignados,13,202791522.0
VALLE DEL CAUCA,76,FLORIDA,76275,MI CASA YA,2024,Asignados,3,104000000.0
BOLÍVAR,13,CARTAGENA DE INDIAS,13001,MI CASA YA,2017,Asignados,2,23606944.0
ATLÁNTICO,8,GALAPA,8296,MI CASA YA,2020,Asignados,4,96558330.0
VALLE DEL CAUCA,76,CALIMA,76126,Bolsa Desplazados,2010,Asignados,5,77250000.0
VALLE DEL CAUCA,76,SANTIAGO DE CALI,76001,MI CASA YA,2018,Renuncias al subsidio,1,23437260.0
ANTIOQUIA,5,BELLO,5088,MI CASA YA,2016,Asignados,2,22062560.0
TOLIMA,73,GUAMO,73319,MI CASA YA,2022,Asignados,1,20000000.0
BOYACÁ,15,SOGAMOSO,15759,MI CASA YA,2024,Asignados,4,117000000.0
META,50,ACACÍAS,50006,MI CASA YA,2018,Asignados,3,54686940.0
CAUCA,19,LA VEGA,19397,Bolsa Desplazados,2007,Asignados,16,166702000.0
CÓRDOBA,23,MONTERÍA,23001,MI CASA YA,2021,Asignados,7,163534680.0
ANTIOQUIA,5,ARBOLETES,5051,MI CASA YA,2023,Asignados,1,34800000.0
VALLE DEL CAUCA,76,SEVILLA,76736,Bolsa Ordinaria,2008,Asignados,9,81969300.0
CUNDINAMARCA,25,RICAURTE,25612,MI CASA YA,2017,Asignados,1,22131510.0
VALLE DEL CAUCA,76,CARTAGO,76147,Bolsa Desplazados,2018,Asignados,1,23437260.0
VALLE DEL CAUCA,76,EL CERRITO,76248,MI CASA YA,2023,Asignados,4,116000000.0
CUNDINAMARCA,25,PACHO,25513,MI CASA YA,2020,Asignados,1,17556060.0
CAUCA,19,CORINTO,19212,Bolsa Desplazados,2008,Asignados,9,104807750.0
NARIÑO,52,PASTO,52001,MI CASA YA,2021,Asignados,4,90852600.0
ANTIOQUIA,5,BELLO,5088,Casa Digna Vida Digna,2021,Asignados,10,199875720.0
CUNDINAMARCA,25,ZIPAQUIRÁ,25899,Semillero de Propietarios Arriendo,2020,Asignados,3,39193455.0
BOYACÁ,15,TUNJA,15001,MI CASA YA,2019,Asignados,12,223591320.0
VALLE DEL CAUCA,76,ANDALUCÍA,76036,VIPA,2015,Asignados,3,62050950.0
META,50,RESTREPO,50606,MI CASA YA,2018,Asignados,2,39062100.0
HUILA,41,NEIVA,41001,Bolsa Desplazados,2011,Asignados,28,443209000.0
CUNDINAMARCA,25,SOACHA,25754,Programa Vivienda Gratuita Fase I,2014,Asignados,153,6080804500.0
LA GUAJIRA,44,SAN JUAN DEL CESAR,44650,Ahorro Programado Contractual,2011,Apto con subsidio vencido,1,9144284.0
BOLÍVAR,13,TURBACO,13836,MI CASA YA,2018,Asignados,8,171873240.0
SANTANDER,68,FLORIDABLANCA,68276,Ahorro Programado Contractual,2012,Asignados,3,36268800.0
CUNDINAMARCA,25,MEDINA,25438,Bolsa Esfuerzo Territorial,2009,Asignados,42,425883450.0
"BOGOTÁ, D.C.",11,"BOGOTÁ, D.C.",11001,MI CASA YA,2017,Asignados,9,177052080.0
HUILA,41,ACEVEDO,41006,Bolsa Desplazados,2010,Asignados,4,61800000.0
ANTIOQUIA,5,SAN PEDRO DE URABÁ,5665,Bolsa Desplazados,2008,Asignado con aplicación en Vivienda Gratuita,3,41351500.0
VALLE DEL CAUCA,76,JAMUNDÍ,76364,MI CASA YA,2020,Asignados,11,245784840.0
VALLE DEL CAUCA,76,GUACARÍ,76318,MI CASA YA,2022,Asignados,7,210000000.0
CÓRDOBA,23,VALENCIA,23855,Bolsa Desplazados,2007,Asignados,20,239880250.0
VALLE DEL CAUCA,76,CANDELARIA,76130,MI CASA YA,2024,Asignados,63,2067000000.0
VALLE DEL CAUCA,76,PALMIRA,76520,MI CASA YA,2020,Asignados,9,158004540.0
TOLIMA,73,IBAGUÉ,73001,MI CASA YA,2023,Asignados,71,1902400000.0
BOYACÁ,15,SOGAMOSO,15759,MI CASA YA,2023,Asignados,6,162400000.0
SUCRE,70,SAN BENITO ABAD,70678,Casa Digna Vida Digna,2025,Asignados,5,78000000.0
VALLE DEL CAUCA,76,SANTIAGO DE CALI,76001,MI CASA YA,2022,Asignados,15,300000000.0
BOLÍVAR,13,CARTAGENA DE INDIAS,13001,MI CASA YA,2017,Asignados,19,280332460.0
QUINDÍO,63,ARMENIA,63001,MI CASA YA,2019,Asignados,7,157342040.0
"BOGOTÁ, D.C.",11,"BOGOTÁ, D.C.",11001,Ahorro Programado Contractual,2012,Apto con subsidio vencido,348,3637423306.0
CAUCA,19,POPAYÁN,19001,MI CASA YA,2023,Apto con subsidio vencido,1,23200000.0
TOLIMA,73,IBAGUÉ,73001,MI CASA YA,2024,Asignados,52,1534000000.0
RISARALDA,66,DOSQUEBRADAS,66170,MI CASA YA,2020,Asignados,7,140448480.0
ATLÁNTICO,8,SOLEDAD,8758,Casa Digna Vida Digna,2021,Asignados,22,218169395.0
QUINDÍO,63,MONTENEGRO,63470,MI CASA YA,2019,Asignados,9,215310160.0
MAGDALENA,47,FUNDACIÓN,47288,Casa Digna Vida Digna,2024,Asignados,7,109200000.0
CÓRDOBA,23,SAHAGÚN,23660,MI CASA YA,2024,Asignados,5,182000000.0
ANTIOQUIA,5,LA ESTRELLA,5380,MI CASA YA,2019,Asignados,2,41405800.0
CUNDINAMARCA,25,SUSA,25779,Bolsa Esfuerzo Territorial,2005,Apto con subsidio vencido,3,22554000.0
SANTANDER,68,GIRÓN,68307,MI CASA YA,2018,Asignados,4,70311780.0
ATLÁNTICO,8,PALMAR DE VARELA,8520,Bolsa Desplazados,2008,Asignados,3,34612500.0
HUILA,41,PALERMO,41524,MI CASA YA,2020,Asignados,6,105336360.0
SANTANDER,68,FLORIÁN,68271,Bolsa Ordinaria,2005,Restitución SFV Cobro Directo Fiduciaria,6,33572000.0
CUNDINAMARCA,25,MADRID,25430,Semillero de Propietarios Arriendo,2021,Asignados,2,26900760.0
ANTIOQUIA,5,YARUMAL,5887,MI CASA YA,2020,Asignados,2,52668180.0
ANTIOQUIA,5,ABEJORRAL,5002,Bolsa Esfuerzo Territorial,2006,Restitucion de subsidios no aplicados,2,16000000.0
ANTIOQUIA,5,RIONEGRO,5615,Casa Digna Vida Digna,2021,Renuncias al subsidio,1,9935752.0
TOLIMA,73,GUAMO,73319,MI CASA YA,2020,Asignados,3,52668180.0
CESAR,20,AGUACHICA,20011,MI CASA YA,2018,Asignados,1,23437260.0
HUILA,41,RIVERA,41615,MI CASA YA,2024,Asignados,1,39000000.0
HUILA,41,COLOMBIA,41206,Bolsa Desplazados,2010,Apto con subsidio vencido,1,15450000.0
ANTIOQUIA,5,RIONEGRO,5615,MI CASA YA,2024,Asignados,4,104000000.0
BOYACÁ,15,CHIQUINQUIRÁ,15176,MI CASA YA,2016,Asignados,4,49640760.0
BOLÍVAR,13,TURBACO,13836,MI CASA YA,2018,Asignados,3,54686940.0
ATLÁNTICO,8,BARRANQUILLA,8001,MI CASA YA,2017,Asignados,5,88526040.0
NARIÑO,52,BARBACOAS,52079,Casa Digna Vida Digna,2025,Asignados,1,13920000.0
VALLE DEL CAUCA,76,PALMIRA,76520,MI CASA YA,2021,Asignados,5,118108380.0
HUILA,41,ACEVEDO,41006,Programa Vivienda Gratuita Fase II,2023,Asignados,1,58812801.0
ANTIOQUIA,5,VALDIVIA,5854,Bolsa Desplazados,2010,Asignado con aplicación en Vivienda Gratuita,1,15450000.0
NORTE DE SANTANDER,54,SAN JOSÉ DE CÚCUTA,54001,MI CASA YA,2016,Asignados,4,44125120.0
ANTIOQUIA,5,RIONEGRO,5615,Bolsa Desplazados,2010,Asignados,10,148062500.0
ANTIOQUIA,5,MEDELLÍN,5001,MI CASA YA,2022,Asignados,6,120000000.0
CESAR,20,VALLEDUPAR,20001,MI CASA YA,2018,Asignados,7,124998720.0
ANTIOQUIA,5,COPACABANA,5212,Semillero de Propietarios Arriendo,2022,Asignados,1,15344640.0
ATLÁNTICO,8,BARRANQUILLA,8001,Bolsa Desplazados,2008,Restitución SFV por Indemnización,3,44721000.0
CESAR,20,AGUACHICA,20011,MI CASA YA,2020,Asignados,2,52668180.0
"BOGOTÁ, D.C.",11,"BOGOTÁ, D.C.",11001,Semillero de Propietarios Arriendo,2022,Asignados,2,30689280.0
SANTANDER,68,GIRÓN,68307,Semillero de Propietarios Arriendo,2022,Asignados,1,15344640.0
HUILA,41,PITAL,41548,MI CASA YA,2024,Asignados,1,39000000.0
VALLE DEL CAUCA,76,FLORIDA,76275,MI CASA YA,2019,Apto con subsidio vencido,1,24843480.0
MAGDALENA,47,ALGARROBO,47030,Casa Digna Vida Digna,2025,Asignados,1,15600000.0
NARIÑO,52,IPIALES,52356,MI CASA YA,2015,Asignados,1,12887000.0
ATLÁNTICO,8,SANTO TOMÁS,8685,Bolsa Concejales,2011,Asignados,1,11515400.0
ANTIOQUIA,5,TÁMESIS,5789,Programa Vivienda Gratuita Fase I,2015,Asignados,1,36960000.0
ATLÁNTICO,8,SOLEDAD,8758,MI CASA YA,2023,Renuncias al subsidio,3,104400000.0
RISARALDA,66,DOSQUEBRADAS,66170,VIPA,2016,Perdida de ejecutoriedad de asignación de SFV,2,41367300.0
CÓRDOBA,23,PUERTO LIBERTADOR,23580,Bolsa Desplazados,2006,Asignados,11,129945168.0
NORTE DE SANTANDER,54,SAN JOSÉ DE CÚCUTA,54001,Casa Digna Vida Digna,2025,Asignados,2,31196510.0
QUINDÍO,63,ARMENIA,63001,MI CASA YA,2018,Asignados,6,140623560.0
BOLÍVAR,13,ARJONA,13052,Bolsa Desplazados,2006,Asignados,2,20400000.0
ATLÁNTICO,8,BARANOA,8078,MI CASA YA,2018,Asignados,1,15624840.0
ATLÁNTICO,8,JUAN DE ACOSTA,8372,Casa Digna Vida Digna,2024,Asignados,2,31200000.0
TOLIMA,73,ARMERO,73055,MI CASA YA,2023,Asignados,2,46400000.0
ANTIOQUIA,5,COPACABANA,5212,Semillero de Propietarios Arriendo,2021,Asignados,2,21539016.0
NORTE DE SANTANDER,54,SAN JOSÉ DE CÚCUTA,54001,MI CASA YA,2016,Apto con subsidio vencido,1,13789100.0
VALLE DEL CAUCA,76,YUMBO,76892,MI CASA YA,2018,Asignados,2,46874520.0
CAUCA,19,SANTANDER DE QUILICHAO,19698,MI CASA YA,2019,Apto con subsidio vencido,1,16562320.0
CUNDINAMARCA,25,ANAPOIMA,25035,MI CASA YA,2016,Asignados,1,13789100.0
META,50,ACACÍAS,50006,Ahorro Programado Contractual,2012,Asignados,1,7659080.0
ANTIOQUIA,5,BELLO,5088,MI CASA YA,2023,Asignados,1,34800000.0
ATLÁNTICO,8,BARRANQUILLA,8001,MI CASA YA,2022,Apto con subsidio vencido,1,20000000.0
ANTIOQUIA,5,RIONEGRO,5615,MI CASA YA,2021,Asignados,1,18170520.0
QUINDÍO,63,ARMENIA,63001,Semillero de Propietarios Arriendo,2020,Asignados,1,13303885.0
ATLÁNTICO,8,BARRANQUILLA,8001,Semillero de Propietarios Arriendo,2021,Asignados,1,13450380.0
"BOGOTÁ, D.C.",11,"BOGOTÁ, D.C.",11001,MI CASA YA,2022,Asignados,554,10284514320.0
META,50,LEJANÍAS,50400,Bolsa Desplazados,2010,Asignados,2,30900000.0
VALLE DEL CAUCA,76,JAMUNDÍ,76364,Bolsa Ordinaria,2003,Apto con subsidio vencido,2,12051000.0
SANTANDER,68,SAN GIL,68679,Bolsa Esfuerzo Territorial,2007,Asignados,2,17000000.0
CUNDINAMARCA,25,TOCANCIPÁ,25817,Semillero de Propietarios Ahorro,2023,Asignados,1,6960000.0
BOYACÁ,15,TUNJA,15001,MI CASA YA,2021,Asignados,1,27255780.0
RISARALDA,66,PEREIRA,66001,MI CASA YA,2020,Renuncias al subsidio,1,17556060.0
ANTIOQUIA,5,NARIÑO,5483,Bolsa Desplazados,2009,Asignado con aplicación en Vivienda Gratuita,1,14907000.0
CUNDINAMARCA,25,CHÍA,25175,MI CASA YA,2019,Renuncias al subsidio,1,16562320.0
TOLIMA,73,ESPINAL,73268,MI CASA YA,2016,Asignados,2,27578200.0
NARIÑO,52,PASTO,52001,Semillero de Propietarios Arriendo,2022,Asignados,3,46033920.0
VALLE DEL CAUCA,76,GUACARÍ,76318,Programa Vivienda Gratuita Fase I,2013,Renuncias al subsidio,1,40086000.0
BOYACÁ,15,CHIQUINQUIRÁ,15176,Bolsa Desplazados,2010,Asignado con aplicación en Vivienda Gratuita,1,15450000.0
CAUCA,19,PUERTO TEJADA,19573,MI CASA YA,2021,Asignados,2,36341040.0
BOLÍVAR,13,MAGANGUÉ,13430,MI CASA YA,2023,Asignados,2,69600000.0
SANTANDER,68,PIEDECUESTA,68547,Semillero de Propietarios Arriendo,2022,Asignados,6,88743168.0
HUILA,41,ALGECIRAS,41020,MI CASA YA,2022,Asignados,1,30000000.0
TOLIMA,73,FLANDES,73275,MI CASA YA,2023,Asignados,1,23200000.0
ANTIOQUIA,5,APARTADÓ,5045,MI CASA YA,2020,Asignados,1,17556060.0
VALLE DEL CAUCA,76,GUADALAJARA DE BUGA,76111,MI CASA YA,2017,Asignados,1,14754340.0
ANTIOQUIA,5,CAREPA,5147,MI CASA YA,2021,Apto con subsidio vencido,1,27255780.0
ATLÁNTICO,8,SABANAGRANDE,8634,MI CASA YA,2023,Renuncias al subsidio,1,23200000.0
MAGDALENA,47,SANTA MARTA,47001,MI CASA YA,2020,Asignados,1,17556060.0
TOLIMA,73,RIOBLANCO,73616,Bolsa Desplazados,2006,Asignados,2,25107000.0
CHOCÓ,27,QUIBDÓ,27001,Bolsa Desplazados,2007,Apto con subsidio vencido,1,10842500.0
ANTIOQUIA,5,SANTA ROSA DE OSOS,5686,MI CASA YA,2018,Asignados,2,46874520.0
NARIÑO,52,SAN LORENZO,52687,Ahorro Programado Contractual,2009,Asignados,1,7105670.0
CAQUETÁ,18,FLORENCIA,18001,Bolsa Ordinaria,2005,Renuncias al subsidio,1,8011500.0
ATLÁNTICO,8,GALAPA,8296,MI CASA YA,2021,Asignados,1,27255780.0
BOLÍVAR,13,MARÍA LA BAJA,13442,Bolsa Concejales,2008,Asignados,1,10153000.0
CALDAS,17,VILLAMARÍA,17873,MI CASA YA,2022,Asignados,1,20000000.0
CUNDINAMARCA,25,MADRID,25430,MI CASA YA,2018,Apto con subsidio vencido,1,15624840.0
SANTANDER,68,PIEDECUESTA,68547,Semillero de Propietarios Arriendo,2021,Asignados,1,13450380.0
ANTIOQUIA,5,EL CARMEN DE VIBORAL,5148,MI CASA YA,2024,Asignados,1,26000000.0
CESAR,20,VALLEDUPAR,20001,VIPA,2017,Asignados,1,20683650.0
"BOGOTÁ, D.C.",11,"BOGOTÁ, D.C.",11001,Programa Vivienda Gratuita Fase I,2014,Subsidio revocado mediante procedimiento Administrativo Sancionatorio,1,39949700.0
"BOGOTÁ, D.C.",11,"BOGOTÁ, D.C.",11001,Bolsa Desplazados,2006,Asignados,1,8950000.0
CAQUETÁ,18,FLORENCIA,18001,Bolsa Desplazados,2006,Asignado con aplicación en Vivienda Gratuita,1,13280000.0
BOYACÁ,15,TUNJA,15001,Semillero de Propietarios Arriendo,2024,Asignados,17,77880000.0
HUILA,41,GUADALUPE,41319,Bolsa Esfuerzo Territorial,2007,Asignados,72,640324332.0
NORTE DE SANTANDER,54,EL ZULIA,54261,MI CASA YA,2022,Asignados,1,30000000.0
GUAVIARE,95,CALAMAR,95015,Bolsa Ordinaria,2008,Asignados,1,9107700.0
CUNDINAMARCA,25,CHÍA,25175,MI CASA YA,2024,Asignados,19,494000000.0
VALLE DEL CAUCA,76,GUACARÍ,76318,MI CASA YA,2021,Asignados,2,45426300.0
CAUCA,19,GUACHENÉ,19300,Programa Vivienda Gratuita Fase I,2020,Asignados,3,132374961.2
LA GUAJIRA,44,URUMITA,44855,Casa Digna Vida Digna,2025,Asignados,6,83520000.0
TOLIMA,73,ESPINAL,73268,MI CASA YA,2022,Asignados,5,150000000.0
ANTIOQUIA,5,CALDAS,5129,Programa Vivienda Gratuita Fase I,2015,Asignados,1,36960000.0
ATLÁNTICO,8,SOLEDAD,8758,MI CASA YA,2019,Renuncias al subsidio,1,24843480.0
BOYACÁ,15,NOBSA,15491,MI CASA YA,2021,Asignados,3,63596820.0
CÓRDOBA,23,MONTERÍA,23001,MI CASA YA,2019,Asignados,4,99373920.0
BOYACÁ,15,PAIPA,15516,MI CASA YA,2022,Asignados,2,50000000.0
SANTANDER,68,BUCARAMANGA,68001,MI CASA YA,2022,Asignados,4,100000000.0
ANTIOQUIA,5,YOLOMBÓ,5890,Bolsa Desplazados,2011,Asignado con aplicación en Vivienda Gratuita,1,16068000.0
CESAR,20,AGUACHICA,20011,Bolsa Desplazados,2010,Apto con subsidio vencido,1,15450000.0
ANTIOQUIA,5,SAN ROQUE,5670,MI CASA YA,2020,Asignados,3,79002270.0
VALLE DEL CAUCA,76,JAMUNDÍ,76364,MI CASA YA,2016,Asignados,1,13789100.0
NORTE DE SANTANDER,54,VILLA DEL ROSARIO,54874,MI CASA YA,2020,Renuncias al subsidio,1,26334090.0
VALLE DEL CAUCA,76,CANDELARIA,76130,Semillero de Propietarios Arriendo,2022,Asignados,1,13682304.0
TOLIMA,73,IBAGUÉ,73001,VIPA,2016,Asignados,1,20683650.0
ANTIOQUIA,5,SAN PEDRO DE LOS MILAGROS,5664,MI CASA YA,2022,Asignados,2,50000000.0
SANTANDER,68,CAPITANEJO,68147,Bolsa Desplazados,2008,Asignados,2,23075000.0
CHOCÓ,27,QUIBDÓ,27001,Programa Vivienda Gratuita Fase I,2017,Asignados,1,55414100.0
RISARALDA,66,DOSQUEBRADAS,66170,Semillero de Propietarios Arriendo,2021,Asignados,1,13450380.0
VALLE DEL CAUCA,76,JAMUNDÍ,76364,MI CASA YA,2021,Apto con subsidio vencido,1,27255780.0
ANTIOQUIA,5,GÓMEZ PLATA,5310,Bolsa Desplazados,2008,Asignados,1,11537500.0
CUNDINAMARCA,25,CHOACHÍ,25181,Ahorro Programado Contractual,2011,Asignados,1,7659080.0
SANTANDER,68,BARRANCABERMEJA,68081,Semillero de Propietarios Arriendo,2021,Asignados,1,13450380.0
BOYACÁ,15,DUITAMA,15238,MI CASA YA,2024,Asignados,1,39000000.0
CÓRDOBA,23,CERETÉ,23162,MI CASA YA,2016,Asignados,1,13789100.0
CHOCÓ,27,EL LITORAL DEL SAN JUAN,27250,Bolsa Desplazados,2008,Asignados,1,14907000.0
NORTE DE SANTANDER,54,EL CARMEN,54245,Bolsa Desplazados,2010,Asignado con aplicación en Vivienda Gratuita,1,15450000.0
TOLIMA,73,IBAGUÉ,73001,Bolsa Desplazados,2017,Asignados,1,22131510.0
RISARALDA,66,DOSQUEBRADAS,66170,VIPA,2016,Renuncias al subsidio,1,20683650.0
TOLIMA,73,ESPINAL,73268,Bolsa Desplazados,2005,Asignados,2,17900000.0
SUCRE,70,SAN PEDRO,70717,Bolsa Desplazados,2004,Asignados,12,107400000.0
ANTIOQUIA,5,DABEIBA,5234,Casa Digna Vida Digna,2025,Asignados,1,13920000.0
ANTIOQUIA,5,YARUMAL,5887,MI CASA YA,2020,Apto con subsidio vencido,1,26334090.0
CALDAS,17,SUPÍA,17777,Bolsa Desplazados,2008,Asignados,1,8695750.0
GUAVIARE,95,SAN JOSÉ DEL GUAVIARE,95001,MI CASA YA,2023,Asignados,1,34800000.0
BOYACÁ,15,TUNJA,15001,Semillero de Propietarios Ahorro,2022,Asignados,1,6000000.0
CALDAS,17,VILLAMARÍA,17873,Bolsa Desplazados,2009,Asignados,1,8695750.0
"BOGOTÁ, D.C.",11,"BOGOTÁ, D.C.",11001,Bolsa Ordinaria,2003,Asignados,353,2141985000.0
ATLÁNTICO,8,BARRANQUILLA,8001,VIPA,2016,Asignados,44,896291482.0
META,50,GRANADA,50313,MI CASA YA,2021,Asignados,1,18170520.0
ATLÁNTICO,8,SOLEDAD,8758,MI CASA YA,2021,Asignados,20,499689300.0
BOLÍVAR,13,MORALES,13473,Casa Digna Vida Digna,2025,Asignados,5,69574611.0
ANTIOQUIA,5,CALDAS,5129,MI CASA YA,2018,Asignados,2,39062100.0
SANTANDER,68,PIEDECUESTA,68547,MI CASA YA,2017,Apto con subsidio vencido,1,14754340.0
VALLE DEL CAUCA,76,CARTAGO,76147,Ahorro Programado Contractual,2011,Asignados,1,8483484.0
VALLE DEL CAUCA,76,GUACARÍ,76318,MI CASA YA,2019,Asignados,10,240153640.0
ANTIOQUIA,5,CALDAS,5129,MI CASA YA,2020,Asignados,1,17556060.0
CAUCA,19,BUENOS AIRES,19110,Bolsa Desplazados,2008,Asignados,5,51918750.0
RISARALDA,66,PEREIRA,66001,MI CASA YA,2015,Asignados,3,33506200.0
CAUCA,19,POPAYÁN,19001,Bolsa Desplazados,2011,Asignados,37,612066960.0
BOYACÁ,15,CHITA,15183,Bolsa Atentados terroristas,2004,Asignados,14,83545314.0
NARIÑO,52,CUMBAL,52227,Casa Digna Vida Digna,2025,Asignados,12,187200000.0
CALDAS,17,MANIZALES,17001,MI CASA YA,2024,Asignados,2,65000000.0
BOYACÁ,15,TUNJA,15001,MI CASA YA,2024,Asignados,19,572000000.0
CUNDINAMARCA,25,SOACHA,25754,MI CASA YA,2021,Apto con subsidio vencido,5,87780300.0
VALLE DEL CAUCA,76,JAMUNDÍ,76364,MI CASA YA,2020,Asignados,9,210672720.0
CHOCÓ,27,QUIBDÓ,27001,Bolsa Desplazados,2007,Asignados,164,2249652000.0
ANTIOQUIA,5,LA CEJA,5376,MI CASA YA,2023,Asignados,8,185600000.0
"BOGOTÁ, D.C.",11,"BOGOTÁ, D.C.",11001,MI CASA YA,2022,Renuncias al subsidio,1,20000000.0
VALLE DEL CAUCA,76,SANTIAGO DE CALI,76001,MI CASA YA,2021,Asignados,30,590541900.0
CUNDINAMARCA,25,MADRID,25430,MI CASA YA,2017,Asignados,4,59017360.0
BOYACÁ,15,NOBSA,15491,Bolsa Esfuerzo Territorial,2011,Asignados,60,665256400.0
SANTANDER,68,SAN GIL,68679,MI CASA YA,2020,Asignados,25,517903770.0
META,50,VILLAVICENCIO,50001,Bolsa unica Nacional,2010,Apto con subsidio vencido,4,43478750.0
VALLE DEL CAUCA,76,CARTAGO,76147,Semillero de Propietarios Ahorro,2022,Asignados,2,12000000.0
LA GUAJIRA,44,MANAURE,44560,VIPA,2022,Asignados,2,54511560.0
CUNDINAMARCA,25,FACATATIVÁ,25269,Semillero de Propietarios Arriendo,2021,Asignados,4,47050608.0
QUINDÍO,63,ARMENIA,63001,MI CASA YA,2015,Asignados,7,69589800.0
BOLÍVAR,13,CARTAGENA DE INDIAS,13001,MI CASA YA,2017,Asignados,5,73771700.0
NORTE DE SANTANDER,54,LOS PATIOS,54405,MI CASA YA,2020,Asignados,1,17556060.0
SANTANDER,68,AGUADA,68013,Bolsa Desastres Naturales,2005,Renuncias al subsidio,1,8011500.0
ANTIOQUIA,5,MEDELLÍN,5001,MI CASA YA,2023,Asignados,4,92800000.0
ATLÁNTICO,8,BARRANQUILLA,8001,Programa Vivienda Gratuita Fase I,2014,Subsidio revocado mediante procedimiento Administrativo Sancionatorio,3,129360000.0
VALLE DEL CAUCA,76,CARTAGO,76147,MI CASA YA,2017,Asignados,4,88526040.0
LA GUAJIRA,44,ALBANIA,44035,Casa Digna Vida Digna,2025,Asignados,11,153120000.0
"BOGOTÁ, D.C.",11,"BOGOTÁ, D.C.",11001,MI CASA YA,2017,Asignados,1,14754340.0
CUNDINAMARCA,25,MADRID,25430,Semillero de Propietarios Arriendo,2021,Asignados,3,40351140.0
RISARALDA,66,SANTA ROSA DE CABAL,66682,MI CASA YA,2020,Asignados,2,52668180.0
CAUCA,19,POPAYÁN,19001,MI CASA YA,2021,Renuncias al subsidio,1,18170520.0
BOYACÁ,15,SOATÁ,15753,MI CASA YA,2020,Asignados,2,52668180.0
RISARALDA,66,SANTA ROSA DE CABAL,66682,MI CASA YA,2019,Asignados,1,16562320.0
SUCRE,70,SINCELEJO,70001,MI CASA YA,2020,Asignados,2,52668180.0
VALLE DEL CAUCA,76,GUACARÍ,76318,MI CASA YA,2019,Asignados,1,24843480.0
CESAR,20,VALLEDUPAR,20001,Bolsa Desplazados,2010,Apto con subsidio vencido,1,15450000.0
ATLÁNTICO,8,PIOJÓ,8549,Casa Digna Vida Digna,2025,Asignados,2,31200000.0
CUNDINAMARCA,25,LA MESA,25386,MI CASA YA,2022,Asignados,2,40000000.0
META,50,VILLAVICENCIO,50001,MI CASA YA,2018,Asignados,8,124998720.0
VALLE DEL CAUCA,76,YUMBO,76892,MI CASA YA,2024,Apto con subsidio vencido,2,65000000.0
BOYACÁ,15,DUITAMA,15238,MI CASA YA,2020,Asignados,2,52668180.0
CUNDINAMARCA,25,ZIPAQUIRÁ,25899,MI CASA YA,2023,Asignados,14,324800000.0
ANTIOQUIA,5,ABEJORRAL,5002,Bolsa Desplazados,2008,Asignados,18,212014750.0
ATLÁNTICO,8,SOLEDAD,8758,MI CASA YA,2019,Asignados,48,1084831960.0
TOLIMA,73,VENADILLO,73861,MI CASA YA,2023,Asignados,5,162400000.0
CUNDINAMARCA,25,GUADUAS,25320,Bolsa Desplazados,2008,Asignados,8,63541500.0
LA GUAJIRA,44,FONSECA,44279,Casa Digna Vida Digna,2025,Asignados,29,452370524.0
BOYACÁ,15,CHIQUINQUIRÁ,15176,MI CASA YA,2023,Asignados,1,23200000.0
ANTIOQUIA,5,RIONEGRO,5615,Casa Digna Vida Digna,2022,Renuncias al subsidio,2,22800000.0
ANTIOQUIA,5,SALGAR,5642,Bolsa Desplazados,2008,Asignados,8,103378750.0
CÓRDOBA,23,SAHAGÚN,23660,MI CASA YA,2019,Asignados,1,16562320.0
VALLE DEL CAUCA,76,CANDELARIA,76130,MI CASA YA,2021,Apto con subsidio vencido,1,27255780.0
NARIÑO,52,BUESACO,52110,Programa Vivienda Gratuita Fase II,2019,Asignados,7,388386404.0
VALLE DEL CAUCA,76,YUMBO,76892,MI CASA YA,2022,Asignados,23,600000000.0
VALLE DEL CAUCA,76,PALMIRA,76520,VIPA,2016,Asignados,10,199941950.0
BOYACÁ,15,DUITAMA,15238,MI CASA YA,2017,Asignados,1,14754340.0
ANTIOQUIA,5,GUATAPÉ,5321,Bolsa Ordinaria,2005,Asignados,2,12023000.0
TOLIMA,73,ESPINAL,73268,MI CASA YA,2021,Asignados,7,181705200.0
CAUCA,19,POPAYÁN,19001,MI CASA YA,2021,Asignados,19,490604040.0
LA GUAJIRA,44,ALBANIA,44035,Casa Digna Vida Digna,2025,Asignados,29,403680000.0
VALLE DEL CAUCA,76,CANDELARIA,76130,MI CASA YA,2022,Asignados,28,780000000.0
VALLE DEL CAUCA,76,PALMIRA,76520,MI CASA YA,2018,Asignados,5,93749040.0
ATLÁNTICO,8,BARRANQUILLA,8001,MI CASA YA,2017,Renuncias al subsidio,2,44263020.0
VALLE DEL CAUCA,76,JAMUNDÍ,76364,VIPA,2016,Asignados,11,227520150.0
SUCRE,70,SINCELEJO,70001,MI CASA YA,2017,Asignados,1,8852604.0
QUINDÍO,63,ARMENIA,63001,MI CASA YA,2020,Asignados,1,17556060.0
CUNDINAMARCA,25,CHÍA,25175,MI CASA YA,2022,Asignados,2,40000000.0
CUNDINAMARCA,25,CABRERA,25120,Bolsa Desplazados,2007,Asignados,1,8695750.0
RISARALDA,66,DOSQUEBRADAS,66170,MI CASA YA,2019,Asignados,6,149060880.0
VALLE DEL CAUCA,76,CARTAGO,76147,Bolsa Esfuerzo Territorial,2010,Asignados,9,90915500.0
BOLÍVAR,13,EL CARMEN DE BOLÍVAR,13244,Bolsa Desplazados,2010,Asignados,6,92700000.0
"BOGOTÁ, D.C.",11,"BOGOTÁ, D.C.",11001,MI CASA YA,2017,Asignados,4,59017360.0
VALLE DEL CAUCA,76,CARTAGO,76147,MI CASA YA,2017,Asignados,1,8852604.0
RISARALDA,66,PEREIRA,66001,MI CASA YA,2020,Asignados,2,43890150.0
ATLÁNTICO,8,SABANALARGA,8638,Casa Digna Vida Digna,2025,Asignados,1,15600000.0
CESAR,20,EL PASO,20250,Bolsa Desplazados,2009,Asignado con aplicación en Vivienda Gratuita,1,14907000.0
VALLE DEL CAUCA,76,ZARZAL,76895,MI CASA YA,2024,Asignados,2,65000000.0
RISARALDA,66,SANTA ROSA DE CABAL,66682,MI CASA YA,2020,Renuncias al subsidio,1,26334090.0
CUNDINAMARCA,25,FUNZA,25286,MI CASA YA,2023,Asignados,3,69600000.0
ANTIOQUIA,5,BELLO,5088,MI CASA YA,2023,Renuncias al subsidio,1,34800000.0
SANTANDER,68,BUCARAMANGA,68001,MI CASA YA,2024,Asignados,5,169000000.0
"BOGOTÁ, D.C.",11,"BOGOTÁ, D.C.",11001,MI CASA YA,2018,Perdida de ejecutoriedad de asignación de SFV,1,23437260.0
QUINDÍO,63,QUIMBAYA,63594,MI CASA YA,2020,Asignados,4,105336360.0
NORTE DE SANTANDER,54,SAN JOSÉ DE CÚCUTA,54001,Semillero de Propietarios Arriendo,2020,Asignados,1,13303885.0
QUINDÍO,63,QUIMBAYA,63594,MI CASA YA,2021,Asignados,10,272557800.0
TOLIMA,73,IBAGUÉ,73001,MI CASA YA,2020,Asignados,14,342343170.0
BOLÍVAR,13,CARTAGENA DE INDIAS,13001,MI CASA YA,2022,Asignados,22,600000000.0
ANTIOQUIA,5,VALPARAÍSO,5856,MI CASA YA,2021,Asignados,1,27255780.0
BOYACÁ,15,PAIPA,15516,Bolsa Saludable,2010,Asignados,43,165431672.0
VALLE DEL CAUCA,76,JAMUNDÍ,76364,MI CASA YA,2016,Asignados,18,242688160.0
CESAR,20,SAN DIEGO,20750,Casa Digna Vida Digna,2025,Asignados,17,265200000.0
META,50,VILLAVICENCIO,50001,MI CASA YA,2018,Asignados,2,39062100.0
CALDAS,17,MANIZALES,17001,Bolsa Desplazados,2009,Asignado con aplicación en Vivienda Gratuita,1,8695750.0
ATLÁNTICO,8,GALAPA,8296,MI CASA YA,2020,Asignados,2,43890150.0
ARAUCA,81,TAME,81794,Bolsa Desplazados,2010,Asignados,24,370800000.0
VALLE DEL CAUCA,76,JAMUNDÍ,76364,MI CASA YA,2021,Asignados,56,1326447960.0
BOLÍVAR,13,TURBACO,13836,MI CASA YA,2021,Asignados,3,81767340.0
HUILA,41,NEIVA,41001,MI CASA YA,2016,Asignados,1,13789100.0
VALLE DEL CAUCA,76,BUGALAGRANDE,76113,Programa Vivienda Gratuita Fase I,2016,Asignados,48,2102555760.0
CESAR,20,VALLEDUPAR,20001,MI CASA YA,2022,Asignados,14,370000000.0
ANTIOQUIA,5,MEDELLÍN,5001,MI CASA YA,2016,Asignados,3,35851660.0
QUINDÍO,63,ARMENIA,63001,MI CASA YA,2020,Asignados,4,79002270.0
ANTIOQUIA,5,LA CEJA,5376,MI CASA YA,2021,Asignados,6,118108380.0
ATLÁNTICO,8,SOLEDAD,8758,MI CASA YA,2024,Asignados,23,884000000.0
BOYACÁ,15,BELÉN,15087,MI CASA YA,2024,Asignados,9,325000000.0
BOYACÁ,15,CUBARÁ,15223,Bolsa Desplazados,2008,Asignados,1,11537500.0
VALLE DEL CAUCA,76,LA UNIÓN,76400,Bolsa Esfuerzo Territorial,2012,Apto con subsidio vencido,3,21534600.0
SANTANDER,68,SAN GIL,68679,MI CASA YA,2021,Asignados,1,27255780.0
CESAR,20,VALLEDUPAR,20001,MI CASA YA,2025,Asignados,2,85410000.0
CAUCA,19,POPAYÁN,19001,MI CASA YA,2023,Apto con subsidio vencido,3,104400000.0
VALLE DEL CAUCA,76,SANTIAGO DE CALI,76001,MI CASA YA,2024,Asignados,9,260000000.0
BOYACÁ,15,FIRAVITOBA,15272,MI CASA YA,2021,Asignados,1,27255780.0
PUTUMAYO,86,MOCOA,86001,Bolsa Concejales,2008,Apto con subsidio vencido,1,10153000.0
CÓRDOBA,23,VALENCIA,23855,Casa Digna Vida Digna,2025,Asignados,19,296400000.0
ANTIOQUIA,5,TURBO,5837,MI CASA YA,2024,Asignados,2,52000000.0
SUCRE,70,SAN JOSÉ DE TOLUVIEJO,70823,Programa Vivienda Gratuita Fase I,2012,Asignados,1,39669000.0
NARIÑO,52,PASTO,52001,Programa Vivienda Gratuita Fase I,2014,Subsidio revocado mediante procedimiento Administrativo Sancionatorio,1,43120000.0
CALDAS,17,MANIZALES,17001,MI CASA YA,2018,Asignados,2,31249680.0
CÓRDOBA,23,MONTERÍA,23001,MI CASA YA,2019,Asignados,1,16562320.0
NORTE DE SANTANDER,54,EL ZULIA,54261,Bolsa Esfuerzo Territorial,2007,Restitución SFV por Vencimiento Vigencia,4,36350800.0
ATLÁNTICO,8,BARRANQUILLA,8001,MI CASA YA,2018,Asignados,6,101561460.0
SANTANDER,68,FLORIDABLANCA,68276,MI CASA YA,2019,Asignados,3,74530440.0
BOLÍVAR,13,TURBACO,13836,MI CASA YA,2018,Apto con subsidio vencido,1,23437260.0
NARIÑO,52,SAMANIEGO,52678,Semillero de Propietarios Arriendo,2021,Asignados,1,13450380.0
CUNDINAMARCA,25,RICAURTE,25612,MI CASA YA,2020,Asignados,2,35112120.0
CESAR,20,GAMARRA,20295,VIPA,2015,Perdida de ejecutoriedad de asignación de SFV,1,20683650.0
VALLE DEL CAUCA,76,LA VICTORIA,76403,Bolsa Esfuerzo Territorial,2009,Renuncia con restitucion de subsidio,3,26087250.0
ANTIOQUIA,5,GUARNE,5318,MI CASA YA,2023,Asignados,2,46400000.0
CUNDINAMARCA,25,EL COLEGIO,25245,Bolsa Ordinaria,2004,Restitución SFV por Indemnización,3,22554000.0
NORTE DE SANTANDER,54,SAN JOSÉ DE CÚCUTA,54001,Bolsa Concejales,2008,Asignados,1,10153000.0
VALLE DEL CAUCA,76,CANDELARIA,76130,MI CASA YA,2018,Asignados,15,328121640.0
CALDAS,17,VITERBO,17877,Programa Vivienda Gratuita Fase II,2020,Asignados,1,55450647.36
NORTE DE SANTANDER,54,VILLA DEL ROSARIO,54874,MI CASA YA,2017,Asignados,4,66394530.0
TOLIMA,73,IBAGUÉ,73001,MI CASA YA,2019,Asignados,7,165623200.0
ATLÁNTICO,8,GALAPA,8296,MI CASA YA,2022,Asignados,1,20000000.0
RISARALDA,66,LA VIRGINIA,66400,Fenómeno de la Niña,2013,Renuncias al subsidio,6,153006000.0
ATLÁNTICO,8,SOLEDAD,8758,MI CASA YA,2017,Asignados,4,47213888.0
MAGDALENA,47,SANTA MARTA,47001,VIPA,2015,Asignados,4,75840050.0
ANTIOQUIA,5,MEDELLÍN,5001,MI CASA YA,2020,Asignados,1,17556060.0
BOYACÁ,15,SOGAMOSO,15759,MI CASA YA,2017,Apto con subsidio vencido,1,14754340.0
ANTIOQUIA,5,MARINILLA,5440,MI CASA YA,2019,Asignados,2,49686960.0
HUILA,41,NEIVA,41001,VIPA,2015,Asignados,1,16108750.0
CUNDINAMARCA,25,SOACHA,25754,MI CASA YA,2017,Asignados,2,36885850.0
ANTIOQUIA,5,SANTA ROSA DE OSOS,5686,Bolsa Desplazados,2008,Asignados,1,11537500.0
RISARALDA,66,GUÁTICA,66318,Bolsa Desplazados,2006,Asignados,8,81600000.0
VALLE DEL CAUCA,76,CANDELARIA,76130,MI CASA YA,2019,Renuncias al subsidio,1,16562320.0
CESAR,20,EL PASO,20250,Programa Vivienda Gratuita Fase I,2014,Perdida de ejecutoriedad de asignación de SFV,1,37224880.0
BOYACÁ,15,DUITAMA,15238,MI CASA YA,2020,Asignados,1,26334090.0
ANTIOQUIA,5,LA CEJA,5376,Bolsa Desplazados,2010,Renuncia con restitucion de subsidio,1,15450000.0
MAGDALENA,47,SANTA MARTA,47001,MI CASA YA,2019,Apto con subsidio vencido,2,49686960.0
TOLIMA,73,SALDAÑA,73671,MI CASA YA,2021,Asignados,1,27255780.0
ATLÁNTICO,8,SOLEDAD,8758,VIPA,2016,Renuncias al subsidio,1,20683650.0
META,50,ACACÍAS,50006,MI CASA YA,2020,Renuncias al subsidio,1,17556060.0
CASANARE,85,AGUAZUL,85010,MI CASA YA,2021,Apto con subsidio vencido,1,27255780.0
ANTIOQUIA,5,SANTA ROSA DE OSOS,5686,Semillero de Propietarios Ahorro,2022,Asignados,1,6000000.0
ANTIOQUIA,5,ANDES,5034,Semillero de Propietarios Ahorro,2021,Asignados,2,10902312.0
BOYACÁ,15,PAIPA,15516,Semillero de Propietarios Arriendo,2022,Asignados,1,15344640.0
ANTIOQUIA,5,MEDELLÍN,5001,MI CASA YA,2019,Asignados,1,16562320.0
CAQUETÁ,18,SOLITA,18785,Bolsa Desplazados,2004,Asignados,1,8950000.0
ANTIOQUIA,5,COPACABANA,5212,Bolsa Ordinaria,2003,Renuncia con restitucion de subsidio,1,7107000.0
VALLE DEL CAUCA,76,JAMUNDÍ,76364,MI CASA YA,2023,Asignados,58,1705200000.0
NORTE DE SANTANDER,54,PUERTO SANTANDER,54535,Programa Vivienda Gratuita Fase II,2019,Asignados,13,710930220.0
CAUCA,19,PURACÉ,19585,Bolsa Ordinaria,2004,Restitución SFV por Indemnización,30,225540000.0
CUNDINAMARCA,25,SOACHA,25754,Bolsa Desplazados,2008,Asignados,37,483710250.0
RISARALDA,66,DOSQUEBRADAS,66170,Bolsa Saludable,2009,Apto con subsidio vencido,5,18460000.0
SANTANDER,68,BARRANCABERMEJA,68081,MI CASA YA,2024,Asignados,5,156000000.0
ARAUCA,81,ARAUQUITA,81065,Bolsa Desplazados,2009,Asignados,35,513049250.0
META,50,VILLAVICENCIO,50001,MI CASA YA,2023,Asignados,14,371200000.0
CUNDINAMARCA,25,MADRID,25430,MI CASA YA,2020,Renuncias al subsidio,3,70224240.0
CESAR,20,SAN ALBERTO,20710,Bolsa Desplazados,2009,Asignados,6,83230750.0
CUNDINAMARCA,25,CHOCONTÁ,25183,MI CASA YA,2021,Asignados,1,18170520.0
BOLÍVAR,13,TURBACO,13836,MI CASA YA,2020,Asignados,4,96558330.0
CUNDINAMARCA,25,GIRARDOT,25307,MI CASA YA,2023,Asignados,13,301600000.0
VALLE DEL CAUCA,76,YUMBO,76892,MI CASA YA,2022,Asignados,11,290000000.0
ANTIOQUIA,5,EL SANTUARIO,5697,MI CASA YA,2023,Asignados,1,23200000.0
CAQUETÁ,18,FLORENCIA,18001,Bolsa Esfuerzo Territorial,2011,Asignados,71,833393600.0
CUNDINAMARCA,25,MADRID,25430,Semillero de Propietarios Arriendo,2022,Asignados,3,43808940.0
NORTE DE SANTANDER,54,VILLA DEL ROSARIO,54874,Semillero de Propietarios Arriendo,2020,Asignados,11,140163012.0
TOLIMA,73,IBAGUÉ,73001,MI CASA YA,2022,Asignados,64,1490000000.0
SANTANDER,68,GIRÓN,68307,MI CASA YA,2024,Asignados,16,585000000.0
VALLE DEL CAUCA,76,JAMUNDÍ,76364,MI CASA YA,2023,Asignados,54,1554400000.0
HUILA,41,PITALITO,41551,MI CASA YA,2016,Asignados,1,13789100.0
BOYACÁ,15,TÓPAGA,15820,Casa Digna Vida Digna,2025,Asignados,15,234000000.0
VALLE DEL CAUCA,76,YUMBO,76892,MI CASA YA,2022,Asignados,26,610000000.0
NORTE DE SANTANDER,54,CHINÁCOTA,54172,Bolsa Esfuerzo Territorial,2011,Asignados,84,873600000.0
NORTE DE SANTANDER,54,VILLA DEL ROSARIO,54874,MI CASA YA,2024,Asignados,28,949000000.0
CUNDINAMARCA,25,MADRID,25430,MI CASA YA,2020,Asignados,14,245784840.0
ATLÁNTICO,8,BARRANQUILLA,8001,MI CASA YA,2018,Asignados,9,171873240.0
VALLE DEL CAUCA,76,SANTIAGO DE CALI,76001,MI CASA YA,2018,Asignados,4,78124200.0
SUCRE,70,SINCELEJO,70001,Bolsa Ordinaria,2008,Apto con subsidio vencido,1,9107700.0
ANTIOQUIA,5,SONSÓN,5756,Bolsa Atentados terroristas,2007,Asignados,22,188496000.0
VALLE DEL CAUCA,76,CANDELARIA,76130,MI CASA YA,2018,Asignados,19,367183740.0
SANTANDER,68,PIEDECUESTA,68547,MI CASA YA,2020,Asignados,6,131670450.0
HUILA,41,GIGANTE,41306,Bolsa Atentados terroristas,2004,Asignados,3,18557217.0
TOLIMA,73,FLANDES,73275,MI CASA YA,2023,Asignados,2,46400000.0
ANTIOQUIA,5,EL SANTUARIO,5697,MI CASA YA,2024,Asignados,1,39000000.0
VALLE DEL CAUCA,76,PALMIRA,76520,VIPA,2015,Renuncias al subsidio,2,41367300.0
QUINDÍO,63,CALARCÁ,63130,Bolsa Saludable,2009,Apto con subsidio vencido,15,44844523.0
ATLÁNTICO,8,SOLEDAD,8758,MI CASA YA,2021,Asignados,24,581456640.0
ANTIOQUIA,5,MARINILLA,5440,MI CASA YA,2019,Asignados,1,24843480.0
BOYACÁ,15,SORACÁ,15764,MI CASA YA,2024,Asignados,2,65000000.0
"BOGOTÁ, D.C.",11,"BOGOTÁ, D.C.",11001,MI CASA YA,2017,Apto con subsidio vencido,1,14754340.0
SUCRE,70,SINCELEJO,70001,MI CASA YA,2022,Asignados,3,70000000.0
SANTANDER,68,FLORIDABLANCA,68276,MI CASA YA,2020,Asignados,6,114114390.0
CESAR,20,AGUACHICA,20011,Programa Vivienda Gratuita Fase II,2022,Asignados,15,1005000000.0
ANTIOQUIA,5,CAMPAMENTO,5134,Programa Vivienda Gratuita Fase I,2015,Asignados,4,147840000.0
NARIÑO,52,PASTO,52001,VIPA,2016,Renuncias al subsidio,2,41367300.0
ATLÁNTICO,8,BARRANQUILLA,8001,Concurso de Esfuerzo Territorial Nacional,2010,Asignados,1,9785000.0
"BOGOTÁ, D.C.",11,"BOGOTÁ, D.C.",11001,Bolsa Desplazados,2008,Subsidio Revocado,3,41879250.0
NORTE DE SANTANDER,54,PAMPLONA,54518,Ahorro Programado Contractual,2011,Apto con subsidio vencido,2,16862180.0
NARIÑO,52,PASTO,52001,MI CASA YA,2021,Asignados,2,45426300.0
"BOGOTÁ, D.C.",11,"BOGOTÁ, D.C.",11001,Bolsa Desplazados,2008,Perdida de ejecutoriedad de asignación de SFV,2,11537500.0
ANTIOQUIA,5,MEDELLÍN,5001,Semillero de Propietarios Ahorro,2022,Asignados,7,42000000.0
VALLE DEL CAUCA,76,SANTIAGO DE CALI,76001,MI CASA YA,2022,Asignados,10,200000000.0
TOLIMA,73,PURIFICACIÓN,73585,MI CASA YA,2021,Asignados,1,18170520.0
CAUCA,19,POPAYÁN,19001,MI CASA YA,2020,Asignados,23,544237860.0
NARIÑO,52,PASTO,52001,MI CASA YA,2020,Asignados,11,254562870.0
ATLÁNTICO,8,SABANALARGA,8638,MI CASA YA,2023,Asignados,11,348000000.0
NORTE DE SANTANDER,54,SANTIAGO,54680,Bolsa Esfuerzo Territorial,2004,Asignados,13,97734000.0
VALLE DEL CAUCA,76,SANTIAGO DE CALI,76001,Semillero de Propietarios Arriendo,2022,Asignados,2,30689280.0
MAGDALENA,47,PUEBLOVIEJO,47570,Bolsa Concejales,2009,Restitución SFV por Vencimiento Vigencia,1,10931800.0
LA GUAJIRA,44,EL MOLINO,44110,Casa Digna Vida Digna,2025,Asignados,28,389760000.0
VALLE DEL CAUCA,76,YUMBO,76892,MI CASA YA,2022,Asignados,17,390000000.0
CÓRDOBA,23,MONTERÍA,23001,MI CASA YA,2024,Asignados,18,650000000.0
"BOGOTÁ, D.C.",11,"BOGOTÁ, D.C.",11001,VIPA,2017,Perdida de ejecutoriedad de asignación de SFV,4,88526040.0
SANTANDER,68,FLORIDABLANCA,68276,Semillero de Propietarios Arriendo,2021,Asignados,1,13450380.0
HUILA,41,NEIVA,41001,Macroproyecto,2012,Apto con subsidio vencido,99,1234272600.0
VALLE DEL CAUCA,76,GUADALAJARA DE BUGA,76111,MI CASA YA,2024,Asignados,10,390000000.0
NARIÑO,52,BARBACOAS,52079,Bolsa Desplazados,2008,Asignados,57,385077250.0
CESAR,20,VALLEDUPAR,20001,VIPA,2015,Apto con subsidio vencido,10,190083250.0
CUNDINAMARCA,25,FUSAGASUGÁ,25290,MI CASA YA,2021,Asignados,1,18170520.0
HUILA,41,SALADOBLANCO,41660,Programa Vivienda Gratuita Fase II,2021,Asignados,5,294064005.0
"BOGOTÁ, D.C.",11,"BOGOTÁ, D.C.",11001,MI CASA YA,2020,Asignados,13,237006810.0
CÓRDOBA,23,MOMIL,23464,Casa Digna Vida Digna,2025,Asignados,56,873600000.0
CESAR,20,VALLEDUPAR,20001,MI CASA YA,2017,Asignados,3,44263020.0
ARAUCA,81,PUERTO RONDÓN,81591,Bolsa Desplazados,2007,Asignados,18,108425000.0
META,50,PUERTO RICO,50590,Bolsa Desplazados,2010,Asignados,4,61800000.0
BOYACÁ,15,SOGAMOSO,15759,MI CASA YA,2015,Asignados,2,20619200.0
BOLÍVAR,13,MAGANGUÉ,13430,MI CASA YA,2023,Asignados,3,104400000.0
SANTANDER,68,BARRANCABERMEJA,68081,MI CASA YA,2023,Asignados,6,150800000.0
META,50,SAN CARLOS DE GUAROA,50680,Semillero de Propietarios Arriendo,2021,Asignados,7,90618060.0
CÓRDOBA,23,MONTERÍA,23001,MI CASA YA,2018,Asignados,2,31249680.0
BOYACÁ,15,DUITAMA,15238,MI CASA YA,2022,Apto con subsidio vencido,1,30000000.0
NARIÑO,52,IPIALES,52356,MI CASA YA,2016,Asignados,2,27578200.0
VALLE DEL CAUCA,76,PALMIRA,76520,MI CASA YA,2020,Asignados,5,96558330.0
VALLE DEL CAUCA,76,YUMBO,76892,MI CASA YA,2021,Asignados,3,54511560.0
CUNDINAMARCA,25,CUCUNUBÁ,25224,MI CASA YA,2023,Asignados,1,23200000.0
QUINDÍO,63,ARMENIA,63001,MI CASA YA,2017,Apto con subsidio vencido,1,14754340.0
TOLIMA,73,FLANDES,73275,Ahorro Programado Contractual,2012,Asignados,2,21380173.0
CESAR,20,VALLEDUPAR,20001,MI CASA YA,2020,Asignados,6,105336360.0
CESAR,20,LA PAZ,20621,MI CASA YA,2022,Asignados,1,30000000.0
CUNDINAMARCA,25,ANAPOIMA,25035,Semillero de Propietarios Arriendo,2021,Asignados,2,26473896.0
META,50,RESTREPO,50606,MI CASA YA,2018,Asignados,2,31249680.0
SANTANDER,68,FLORIDABLANCA,68276,MI CASA YA,2017,Asignados,1,14754340.0
NORTE DE SANTANDER,54,EL CARMEN,54245,Bolsa Atentados terroristas,2003,Asignados,1,7636000.0
VALLE DEL CAUCA,76,ANSERMANUEVO,76041,MI CASA YA,2017,Asignados,1,14754340.0
NARIÑO,52,LA CRUZ,52378,Bolsa Ordinaria,2005,Asignados,10,74000000.0
ATLÁNTICO,8,SOLEDAD,8758,MI CASA YA,2021,Asignados,22,554200860.0
ANTIOQUIA,5,MEDELLÍN,5001,Programa Vivienda Gratuita Fase I,2014,Apto con subsidio vencido,3,73172150.07
BOYACÁ,15,PAIPA,15516,MI CASA YA,2022,Asignados,3,60000000.0
BOYACÁ,15,CHIQUINQUIRÁ,15176,MI CASA YA,2016,Asignados,2,22062560.0
BOYACÁ,15,MONIQUIRÁ,15469,Programa Vivienda Gratuita Fase II,2019,Asignados,56,3107091232.0
NARIÑO,52,ROBERTO PAYÁN,52621,Bolsa Atentados terroristas,2018,Asignados,33,427880000.0
NORTE DE SANTANDER,54,SAN JOSÉ DE CÚCUTA,54001,Programa Vivienda Gratuita Fase I,2025,Asignados,16,1872000000.0
CUNDINAMARCA,25,TOCANCIPÁ,25817,MI CASA YA,2020,Asignados,5,87780300.0
CÓRDOBA,23,COTORRA,23300,Casa Digna Vida Digna,2025,Asignados,67,1045200000.0
BOYACÁ,15,VIRACACHÁ,15879,Bolsa Esfuerzo Territorial,2006,Asignados,15,127500000.0
SUCRE,70,SINCELEJO,70001,MI CASA YA,2023,Asignados,6,185600000.0
ANTIOQUIA,5,PEÑOL,5541,Casa Digna Vida Digna,2024,Asignados,1,15600000.0
CUNDINAMARCA,25,SAN FRANCISCO,25658,Bolsa Desplazados,2009,Asignados,4,59628000.0
VALLE DEL CAUCA,76,CAICEDONIA,76122,MI CASA YA,2021,Asignados,4,99937860.0
"BOGOTÁ, D.C.",11,"BOGOTÁ, D.C.",11001,MI CASA YA,2016,Asignados,1,13789100.0
NARIÑO,52,PASTO,52001,MI CASA YA,2021,Asignados,15,308898840.0
NARIÑO,52,PASTO,52001,MI CASA YA,2017,Asignados,11,184429250.0
SANTANDER,68,BARRANCABERMEJA,68081,VIPA,2016,Renuncias al subsidio,7,137891000.0
QUINDÍO,63,CALARCÁ,63130,Bolsa Desastres Naturales,2007,Asignados,52,445536000.0
SUCRE,70,SINCELEJO,70001,Ahorro Programado Contractual,2012,Asignados,5,48473058.0
CÓRDOBA,23,CIÉNAGA DE ORO,23189,Programa Vivienda Gratuita Fase II,2019,Asignados,175,10109143580.0
HUILA,41,LA PLATA,41396,MI CASA YA,2024,Asignados,6,195000000.0
CESAR,20,VALLEDUPAR,20001,VIPA,2016,Asignados,29,592931300.0
CÓRDOBA,23,CERETÉ,23162,MI CASA YA,2023,Asignados,5,150800000.0
ANTIOQUIA,5,PUERTO BERRÍO,5579,Bolsa Esfuerzo Territorial,2005,Restitucion de subsidios no aplicados,8,37747936.0
QUINDÍO,63,ARMENIA,63001,MI CASA YA,2019,Asignados,1,16562320.0
ANTIOQUIA,5,GIRARDOTA,5308,MI CASA YA,2017,Asignados,1,14754340.0
CAUCA,19,PUERTO TEJADA,19573,MI CASA YA,2024,Asignados,14,481000000.0
BOYACÁ,15,SOATÁ,15753,Bolsa Esfuerzo Territorial,2007,Renuncias al subsidio,1,8160000.0
NORTE DE SANTANDER,54,TOLEDO,54820,Bolsa Desplazados,2010,Asignados,1,15450000.0
CESAR,20,BOSCONIA,20060,MI CASA YA,2024,Asignados,10,260000000.0
VALLE DEL CAUCA,76,EL CERRITO,76248,MI CASA YA,2016,Renuncias al subsidio,1,8273460.0
CAUCA,19,PUERTO TEJADA,19573,MI CASA YA,2022,Asignados,2,50000000.0
VALLE DEL CAUCA,76,PALMIRA,76520,MI CASA YA,2025,Asignados,13,412815000.0
BOLÍVAR,13,CARTAGENA DE INDIAS,13001,Ahorro Programado Contractual,2011,Apto con subsidio vencido,10,110046041.0
ATLÁNTICO,8,SOLEDAD,8758,MI CASA YA,2017,Renuncias al subsidio,2,36885850.0
CUNDINAMARCA,25,RICAURTE,25612,MI CASA YA,2022,Asignados,2,40000000.0
NARIÑO,52,PASTO,52001,MI CASA YA,2020,Asignados,8,175560600.0
NORTE DE SANTANDER,54,SARDINATA,54720,Ahorro Programado Contractual,2012,Apto con subsidio vencido,1,9633900.0
CUNDINAMARCA,25,GIRARDOT,25307,Programa Vivienda Gratuita Fase I,2013,Renuncias al subsidio,2,70740000.0
CAUCA,19,PUERTO TEJADA,19573,MI CASA YA,2022,Asignados,9,210000000.0
SANTANDER,68,GIRÓN,68307,Bolsa Desastres Naturales,2006,Restitucion de subsidios no aplicados,3,24034500.0
HUILA,41,PITALITO,41551,MI CASA YA,2020,Asignados,1,26334090.0
ANTIOQUIA,5,PUEBLORRICO,5576,Semillero de Propietarios Ahorro,2022,Asignados,1,6000000.0
META,50,RESTREPO,50606,Bolsa Esfuerzo Territorial,2003,Restitución SFV por Indemnización,2,14214000.0
CUNDINAMARCA,25,EL ROSAL,25260,MI CASA YA,2022,Asignados,2,40000000.0
ATLÁNTICO,8,SABANAGRANDE,8634,MI CASA YA,2020,Asignados,1,26334090.0
SANTANDER,68,BUCARAMANGA,68001,Programa Vivienda Gratuita Fase I,2012,Asignados,1,39669000.0
ANTIOQUIA,5,CAUCASIA,5154,MI CASA YA,2015,Apto con subsidio vencido,1,12887000.0
CUNDINAMARCA,25,ARBELÁEZ,25053,Ahorro Programado Contractual,2010,Renuncia con restitucion de subsidio,1,9785000.0
NORTE DE SANTANDER,54,LOURDES,54418,Bolsa Saludable,2009,Apto con subsidio vencido,1,3688675.0
ANTIOQUIA,5,CAUCASIA,5154,MI CASA YA,2017,Asignados,3,66394530.0
META,50,GRANADA,50313,MI CASA YA,2016,Asignados,1,13789100.0
CALDAS,17,RIOSUCIO,17614,Bolsa Desplazados,2011,Asignados,1,16068000.0
ANTIOQUIA,5,COCORNÁ,5197,Bolsa Desplazados,2007,Asignado con aplicación en Vivienda Gratuita,3,44721000.0
QUINDÍO,63,LA TEBAIDA,63401,MI CASA YA,2021,Asignados,1,27255780.0
VALLE DEL CAUCA,76,YUMBO,76892,MI CASA YA,2016,Asignados,1,13789100.0
HUILA,41,NEIVA,41001,Ahorro Programado Contractual,2011,Renuncia con restitucion de subsidio,2,23030800.0
ANTIOQUIA,5,AMALFI,5031,Bolsa Esfuerzo Territorial,2007,Restitución SFV por Vencimiento Vigencia,2,15500000.0
CÓRDOBA,23,CHINÚ,23182,Bolsa Desplazados,2006,Asignados,1,7977624.0
SANTANDER,68,SURATÁ,68780,Bolsa Desplazados,2004,Asignados,1,8950000.0
BOYACÁ,15,SOGAMOSO,15759,MI CASA YA,2017,Asignados,1,22131510.0
RISARALDA,66,SANTA ROSA DE CABAL,66682,MI CASA YA,2017,Apto con subsidio vencido,1,14754340.0
LA GUAJIRA,44,RIOHACHA,44001,MI CASA YA,2018,Asignados,1,23437260.0
CUNDINAMARCA,25,SOACHA,25754,MI CASA YA,2020,Apto con subsidio vencido,1,26334090.0
BOYACÁ,15,BELÉN,15087,Bolsa Saludable,2010,Apto con subsidio vencido,1,3974849.0
CUNDINAMARCA,25,MADRID,25430,Semillero de Propietarios Arriendo,2021,Asignados,1,13450380.0
TOLIMA,73,FLANDES,73275,MI CASA YA,2022,Asignados,1,20000000.0
META,50,VILLAVICENCIO,50001,Bolsa Ordinaria,2004,Restitución SFV por Indemnización,71,533778000.0
TOLIMA,73,IBAGUÉ,73001,MI CASA YA,2023,Asignados,99,2842000000.0
SANTANDER,68,BUCARAMANGA,68001,Casa Digna Vida Digna,2025,Asignados,35,273000000.0
CUNDINAMARCA,25,TOCANCIPÁ,25817,MI CASA YA,2022,Asignados,21,420000000.0
NARIÑO,52,NARIÑO,52480,Bolsa Atentados terroristas,2009,Asignados,8,86693070.0
ATLÁNTICO,8,SOLEDAD,8758,MI CASA YA,2024,Apto con subsidio vencido,12,403000000.0
CUNDINAMARCA,25,ZIPAQUIRÁ,25899,MI CASA YA,2021,Asignados,8,145364160.0
SANTANDER,68,FLORIDABLANCA,68276,Bolsa unica Nacional,2006,Restitución SFV por Vencimiento Vigencia,457,3915576000.0
HUILA,41,NEIVA,41001,MI CASA YA,2020,Asignados,1,17556060.0
RISARALDA,66,SANTA ROSA DE CABAL,66682,MI CASA YA,2021,Asignados,3,63596820.0
CÓRDOBA,23,MONTERÍA,23001,MI CASA YA,2016,Asignados,1,8273460.0
META,50,SAN CARLOS DE GUAROA,50680,Casa Digna Vida Digna,2025,Asignados,6,93600000.0
NARIÑO,52,PASTO,52001,VIPA,2015,Asignados,41,779663000.0
ANTIOQUIA,5,TURBO,5837,Casa Digna Vida Digna,2025,Asignados,43,670800000.0
LA GUAJIRA,44,FONSECA,44279,Casa Digna Vida Digna,2025,Asignados,44,686369034.0
LA GUAJIRA,44,RIOHACHA,44001,Programa Vivienda Gratuita Fase I,2014,Asignados,8,240340000.0
CUNDINAMARCA,25,MADRID,25430,MI CASA YA,2023,Asignados,7,162400000.0
CAUCA,19,POPAYÁN,19001,MI CASA YA,2017,Asignados,1,8852604.0
CAQUETÁ,18,BELÉN DE LOS ANDAQUÍES,18094,Bolsa Atentados terroristas,2003,Asignados,3,22908000.0
CAQUETÁ,18,BELÉN DE LOS ANDAQUÍES,18094,Programa Vivienda Gratuita Fase I,2007,Asignados,1,14907000.0
"BOGOTÁ, D.C.",11,"BOGOTÁ, D.C.",11001,MI CASA YA,2019,Asignados,7,165623200.0
BOLÍVAR,13,CARTAGENA DE INDIAS,13001,MI CASA YA,2022,Asignados,14,350000000.0
SUCRE,70,SINCELEJO,70001,MI CASA YA,2021,Asignados,2,45426300.0
VALLE DEL CAUCA,76,LA VICTORIA,76403,MI CASA YA,2024,Asignados,1,39000000.0
TOLIMA,73,CHAPARRAL,73168,Programa Vivienda Gratuita Fase I,2014,Asignados,3,83193116.0
BOYACÁ,15,DUITAMA,15238,MI CASA YA,2022,Asignados,2,50000000.0
SANTANDER,68,PIEDECUESTA,68547,MI CASA YA,2021,Asignados,6,136278900.0
META,50,VILLAVICENCIO,50001,MI CASA YA,2022,Asignados,1,20000000.0
BOYACÁ,15,VILLA DE LEYVA,15407,Bolsa Desplazados,2008,Asignados,1,11537500.0
CAUCA,19,POPAYÁN,19001,Bolsa Desplazados,2010,Asignado con aplicación en Vivienda Gratuita,1,15450000.0
RISARALDA,66,PEREIRA,66001,Semillero de Propietarios Arriendo,2021,Asignados,1,13450380.0
HUILA,41,RIVERA,41615,MI CASA YA,2023,Asignados,3,92800000.0
META,50,ACACÍAS,50006,MI CASA YA,2021,Asignados,1,27255780.0
TOLIMA,73,ARMERO,73055,VIPA,2016,Apto con subsidio vencido,5,103418250.0
ANTIOQUIA,5,SABANETA,5631,MI CASA YA,2023,Apto con subsidio vencido,1,23200000.0
TOLIMA,73,IBAGUÉ,73001,Semillero de Propietarios Ahorro,2021,Asignados,1,5451156.0
NORTE DE SANTANDER,54,CHINÁCOTA,54172,Semillero de Propietarios Arriendo,2022,Asignados,2,29154816.0
VALLE DEL CAUCA,76,CARTAGO,76147,VIPA,2017,Asignados,1,20683650.0
NORTE DE SANTANDER,54,VILLA DEL ROSARIO,54874,MI CASA YA,2018,Asignados,5,101561460.0
CUNDINAMARCA,25,SOACHA,25754,Bolsa Desplazados,2010,Perdida de ejecutoriedad de asignación de SFV,1,15450000.0
ANTIOQUIA,5,GUARNE,5318,MI CASA YA,2021,Asignados,1,18170520.0
SANTANDER,68,MÁLAGA,68432,MI CASA YA,2020,Asignados,2,35112120.0
CUNDINAMARCA,25,CAJICÁ,25126,MI CASA YA,2021,Asignados,1,18170520.0
BOLÍVAR,13,TURBACO,13836,MI CASA YA,2022,Apto con subsidio vencido,1,30000000.0
NORTE DE SANTANDER,54,CÁCHIRA,54128,Bolsa Desplazados,2008,Asignados,1,14907000.0
CAQUETÁ,18,LA MONTAÑITA,18410,Bolsa Desplazados,2005,Asignados,2,17900000.0
NARIÑO,52,LEIVA,52405,Bolsa Desplazados,2004,Asignados,5,22375000.0
CAQUETÁ,18,BELÉN DE LOS ANDAQUÍES,18094,Bolsa Desplazados,2009,Asignado con aplicación en Vivienda Gratuita,1,14907000.0
CÓRDOBA,23,SAN BERNARDO DEL VIENTO,23675,Bolsa Desastres Naturales,2008,Apto con subsidio vencido,1,9107700.0
CUNDINAMARCA,25,MOSQUERA,25473,Bolsa Desplazados,2004,Asignados,2,23857000.0
ATLÁNTICO,8,MALAMBO,8433,VIPA,2020,Renuncias al subsidio,1,24843480.0
NARIÑO,52,BUESACO,52110,Bolsa Desplazados,2005,Asignados,2,8950000.0
CESAR,20,BOSCONIA,20060,MI CASA YA,2020,Asignados,1,17556060.0
CESAR,20,VALLEDUPAR,20001,Bolsa Desplazados,2004,Subsidio Revocado,1,14907000.0
LA GUAJIRA,44,SAN JUAN DEL CESAR,44650,MI CASA YA,2019,Asignados,1,16562320.0
BOYACÁ,15,TUNJA,15001,MI CASA YA,2016,Asignados,1,13789100.0
VALLE DEL CAUCA,76,SANTIAGO DE CALI,76001,Programa Vivienda Gratuita Fase I,2014,Asignados,384,15004173750.0
ATLÁNTICO,8,BARRANQUILLA,8001,MI CASA YA,2021,Asignados,33,754076580.0
BOYACÁ,15,TUNJA,15001,Semillero de Propietarios Arriendo,2022,Asignados,21,302654868.0
ATLÁNTICO,8,SABANAGRANDE,8634,MI CASA YA,2021,Asignados,10,263472540.0
SANTANDER,68,PIEDECUESTA,68547,MI CASA YA,2022,Asignados,46,1320000000.0
VALLE DEL CAUCA,76,LA VICTORIA,76403,Bolsa Esfuerzo Territorial,2005,Asignados,60,448031097.0
VALLE DEL CAUCA,76,JAMUNDÍ,76364,MI CASA YA,2018,Asignados,89,1828106280.0
NARIÑO,52,PASTO,52001,MI CASA YA,2016,Apto con subsidio vencido,1,13789100.0
CAUCA,19,SANTANDER DE QUILICHAO,19698,MI CASA YA,2022,Asignados,1,30000000.0
BOYACÁ,15,TUNJA,15001,Semillero de Propietarios Arriendo,2021,Asignados,3,39397476.0
CESAR,20,VALLEDUPAR,20001,Ahorro Programado Contractual,2012,Asignados,1,11783200.0
ATLÁNTICO,8,SABANALARGA,8638,Casa Digna Vida Digna,2024,Asignados,8,124800000.0
ATLÁNTICO,8,BARRANQUILLA,8001,MI CASA YA,2019,Asignados,19,356089880.0
NORTE DE SANTANDER,54,SAN JOSÉ DE CÚCUTA,54001,MI CASA YA,2018,Asignados,8,148435980.0
SANTANDER,68,SAN GIL,68679,MI CASA YA,2024,Asignados,6,208000000.0
ANTIOQUIA,5,MEDELLÍN,5001,Programa Vivienda Gratuita Fase I,2016,Asignados,3,69733250.0
QUINDÍO,63,ARMENIA,63001,MI CASA YA,2018,Asignados,12,257809860.0
BOYACÁ,15,SOGAMOSO,15759,MI CASA YA,2017,Asignados,2,36885850.0
CESAR,20,RÍO DE ORO,20614,Bolsa Esfuerzo Territorial,2003,Asignados,42,298200000.0
SANTANDER,68,BARBOSA,68077,MI CASA YA,2018,Asignados,2,39062100.0
ANTIOQUIA,5,SABANETA,5631,MI CASA YA,2022,Asignados,2,50000000.0
SANTANDER,68,BUCARAMANGA,68001,Semillero de Propietarios Arriendo,2022,Asignados,12,183368448.0
NORTE DE SANTANDER,54,VILLA DEL ROSARIO,54874,MI CASA YA,2019,Asignados,5,91092760.0
ATLÁNTICO,8,SABANALARGA,8638,Programa Vivienda Gratuita Fase II,2018,Perdida de ejecutoriedad de asignación de SFV,1,52343214.0
RISARALDA,66,PEREIRA,66001,VIPA,2016,Renuncias al subsidio,9,186152850.0
VALLE DEL CAUCA,76,SANTIAGO DE CALI,76001,MI CASA YA,2019,Asignados,9,165623200.0
MAGDALENA,47,EL RETÉN,47268,Bolsa Desplazados,2011,Asignados,2,32136000.0
ANTIOQUIA,5,MEDELLÍN,5001,MI CASA YA,2021,Asignados,7,127193640.0
VALLE DEL CAUCA,76,TULUÁ,76834,MI CASA YA,2022,Asignados,2,40000000.0
ATLÁNTICO,8,CAMPO DE LA CRUZ,8137,Bolsa Desplazados,2011,Asignados,1,16068000.0
RISARALDA,66,SANTA ROSA DE CABAL,66682,MI CASA YA,2016,Asignados,1,8273460.0
NARIÑO,52,PASTO,52001,MI CASA YA,2017,Asignados,2,29508680.0
ANTIOQUIA,5,MEDELLÍN,5001,MI CASA YA,2019,Asignados,2,33124640.0
ATLÁNTICO,8,MALAMBO,8433,MI CASA YA,2024,Asignados,2,78000000.0
BOLÍVAR,13,CARTAGENA DE INDIAS,13001,Programa Vivienda Gratuita Fase I,2017,Asignados,2,103280380.0
TOLIMA,73,IBAGUÉ,73001,Bolsa Desastres Naturales,2006,Renuncia con restitucion de subsidio,4,34272000.0
NORTE DE SANTANDER,54,SAN JOSÉ DE CÚCUTA,54001,VIPA,2016,Asignados,5,103418250.0
ATLÁNTICO,8,BARRANQUILLA,8001,VIPA,2016,Perdida de ejecutoriedad de asignación de SFV,2,41367300.0
SANTANDER,68,PUERTO PARRA,68573,Casa Digna Vida Digna,2025,Asignados,8,87360000.0
RISARALDA,66,DOSQUEBRADAS,66170,MI CASA YA,2020,Asignados,3,70224240.0
NORTE DE SANTANDER,54,VILLA DEL ROSARIO,54874,MI CASA YA,2020,Asignados,4,79002270.0
QUINDÍO,63,CIRCASIA,63190,MI CASA YA,2024,Asignados,5,143000000.0
CASANARE,85,TAURAMENA,85410,Bolsa Esfuerzo Territorial,2005,Asignados,1,7505895.0
SANTANDER,68,BUCARAMANGA,68001,Semillero de Propietarios Ahorro,2021,Asignados,1,5451156.0
QUINDÍO,63,ARMENIA,63001,MI CASA YA,2016,Apto con subsidio vencido,1,8273460.0
ANTIOQUIA,5,APARTADÓ,5045,MI CASA YA,2023,Asignados,6,150800000.0
ANTIOQUIA,5,TÁMESIS,5789,Programa Vivienda Gratuita Fase I,2014,Renuncias al subsidio,2,73920000.0
TOLIMA,73,PURIFICACIÓN,73585,MI CASA YA,2024,Asignados,2,52000000.0
VALLE DEL CAUCA,76,SANTIAGO DE CALI,76001,MI CASA YA,2016,Asignados,1,13789100.0
QUINDÍO,63,CALARCÁ,63130,MI CASA YA,2019,Asignados,1,24843480.0
CUNDINAMARCA,25,ZIPAQUIRÁ,25899,MI CASA YA,2022,Apto con subsidio vencido,1,20000000.0
ANTIOQUIA,5,SAN JOSÉ DE LA MONTAÑA,5658,MI CASA YA,2021,Asignados,1,27255780.0
ANTIOQUIA,5,BELLO,5088,Semillero de Propietarios Arriendo,2022,Asignados,1,15344640.0
BOYACÁ,15,SAMACÁ,15646,MI CASA YA,2021,Asignados,1,27255780.0
ANTIOQUIA,5,TURBO,5837,MI CASA YA,2016,Asignados,1,13789100.0
SANTANDER,68,GIRÓN,68307,MI CASA YA,2024,Renuncias al subsidio,1,26000000.0
CAUCA,19,SANTANDER DE QUILICHAO,19698,MI CASA YA,2020,Asignados,1,26334090.0
BOLÍVAR,13,CARTAGENA DE INDIAS,13001,Bolsa Desplazados,2004,Asignados,3,13425000.0
ATLÁNTICO,8,SANTA LUCÍA,8675,Bolsa Esfuerzo Territorial,2010,Asignados,90,908294000.0
CUNDINAMARCA,25,GACHANCIPÁ,25295,Ahorro Programado Contractual,2011,Renuncia con restitucion de subsidio,1,7659080.0
ATLÁNTICO,8,SOLEDAD,8758,MI CASA YA,2016,Asignados,1,8273460.0
ANTIOQUIA,5,APARTADÓ,5045,Bolsa Saludable,2008,Apto con subsidio vencido,1,3689044.673
VALLE DEL CAUCA,76,CAICEDONIA,76122,Ahorro Programado Contractual,2011,Asignados,1,11783200.0
NARIÑO,52,CHACHAGÜÍ,52240,MI CASA YA,2024,Asignados,1,39000000.0
BOYACÁ,15,SOGAMOSO,15759,MI CASA YA,2017,Asignados,1,8852604.0
BOYACÁ,15,TUNJA,15001,Bolsa unica Nacional,2009,Apto con subsidio vencido,1,9691500.0
ANTIOQUIA,5,SANTA ROSA DE OSOS,5686,MI CASA YA,2019,Asignados,1,24843480.0
BOLÍVAR,13,CARTAGENA DE INDIAS,13001,Programa Vivienda Gratuita Fase I,2014,Asignados,338,14513771000.0
VALLE DEL CAUCA,76,JAMUNDÍ,76364,MI CASA YA,2019,Asignados,23,554837720.0
CUNDINAMARCA,25,EL ROSAL,25260,MI CASA YA,2024,Asignados,29,754000000.0
CUNDINAMARCA,25,SOACHA,25754,MI CASA YA,2023,Asignados,117,2726000000.0
"BOGOTÁ, D.C.",11,"BOGOTÁ, D.C.",11001,Semillero de Propietarios Arriendo,2022,Asignados,74,1030986324.0
BOYACÁ,15,CHIQUINQUIRÁ,15176,MI CASA YA,2024,Asignados,4,117000000.0
ATLÁNTICO,8,SABANAGRANDE,8634,MI CASA YA,2022,Asignados,2,60000000.0
CUNDINAMARCA,25,FUNZA,25286,MI CASA YA,2024,Asignados,4,104000000.0
ANTIOQUIA,5,EL CARMEN DE VIBORAL,5148,MI CASA YA,2022,Asignados,2,40000000.0
VALLE DEL CAUCA,76,SANTIAGO DE CALI,76001,MI CASA YA,2024,Asignados,14,429000000.0
SANTANDER,68,GIRÓN,68307,MI CASA YA,2021,Asignados,4,81767340.0
QUINDÍO,63,ARMENIA,63001,MI CASA YA,2020,Asignados,4,87780300.0
CUNDINAMARCA,25,SOACHA,25754,MI CASA YA,2016,Asignados,6,77218960.0
CALDAS,17,MANIZALES,17001,Casa Digna Vida Digna,2025,Asignados,41,299921526.0
SANTANDER,68,BUCARAMANGA,68001,Fenómeno de la Niña,2013,Apto con subsidio vencido,1,16068000.0
VALLE DEL CAUCA,76,SANTIAGO DE CALI,76001,MI CASA YA,2021,Asignados,21,408836700.0
CESAR,20,SAN DIEGO,20750,Bolsa Desplazados,2009,Asignado con aplicación en Vivienda Gratuita,7,104349000.0
TOLIMA,73,IBAGUÉ,73001,Semillero de Propietarios Arriendo,2021,Asignados,5,62573640.0
CAQUETÁ,18,FLORENCIA,18001,Programa Vivienda Gratuita Fase I,2020,Asignados,5,236069440.0
CALDAS,17,MANIZALES,17001,Bolsa Desastres Naturales,2003,Apto con subsidio vencido,49,374164000.0
HUILA,41,PALERMO,41524,MI CASA YA,2021,Asignados,7,145364160.0
QUINDÍO,63,ARMENIA,63001,MI CASA YA,2023,Asignados,22,684400000.0
"BOGOTÁ, D.C.",11,"BOGOTÁ, D.C.",11001,MI CASA YA,2019,Asignados,10,198747840.0
NORTE DE SANTANDER,54,LOS PATIOS,54405,Semillero de Propietarios Arriendo,2021,Asignados,3,39710844.0
NARIÑO,52,EL PEÑOL,52254,Programa Vivienda Gratuita Fase I,2016,Asignados,42,1853255040.0
SANTANDER,68,GIRÓN,68307,MI CASA YA,2017,Asignados,1,22131510.0
ANTIOQUIA,5,RIONEGRO,5615,MI CASA YA,2018,Asignados,2,31249680.0
ANTIOQUIA,5,MEDELLÍN,5001,MI CASA YA,2023,Asignados,18,417600000.0
ATLÁNTICO,8,SOLEDAD,8758,MI CASA YA,2015,Asignados,1,12887000.0
ANTIOQUIA,5,BELLO,5088,MI CASA YA,2021,Apto con subsidio vencido,2,45426300.0
BOLÍVAR,13,CARTAGENA DE INDIAS,13001,MI CASA YA,2018,Asignados,2,31249680.0
NARIÑO,52,PASTO,52001,VIPA,2016,Renuncias al subsidio,3,62050950.0
ANTIOQUIA,5,APARTADÓ,5045,Semillero de Propietarios Ahorro,2020,Asignados,1,5266818.0
NORTE DE SANTANDER,54,VILLA DEL ROSARIO,54874,Semillero de Propietarios Arriendo,2020,Renuncias al subsidio,2,25484184.0
BOYACÁ,15,SOGAMOSO,15759,MI CASA YA,2023,Asignados,3,92800000.0
META,50,ACACÍAS,50006,MI CASA YA,2020,Asignados,6,131670450.0
RISARALDA,66,PEREIRA,66001,Fenómeno de la Niña,2017,Asignados,1,18071000.0
BOLÍVAR,13,TURBACO,13836,MI CASA YA,2019,Renuncias al subsidio,2,49686960.0
META,50,VILLAVICENCIO,50001,MI CASA YA,2021,Asignados,2,36341040.0
TOLIMA,73,IBAGUÉ,73001,Bolsa Desplazados,2010,Subsidio Revocado,1,15450000.0
BOYACÁ,15,PAIPA,15516,MI CASA YA,2025,Asignados,1,42705000.0
RISARALDA,66,DOSQUEBRADAS,66170,MI CASA YA,2023,Apto con subsidio vencido,2,58000000.0
BOYACÁ,15,DUITAMA,15238,Semillero de Propietarios Arriendo,2022,Asignados,2,25830144.0
TOLIMA,73,ARMERO,73055,MI CASA YA,2021,Asignados,1,18170520.0
NORTE DE SANTANDER,54,VILLA DEL ROSARIO,54874,MI CASA YA,2021,Asignados,6,136278900.0
ANTIOQUIA,5,APARTADÓ,5045,MI CASA YA,2019,Asignados,3,66249280.0
SANTANDER,68,BARRANCABERMEJA,68081,MI CASA YA,2022,Apto con subsidio vencido,1,30000000.0
TOLIMA,73,VILLARRICA,73873,Bolsa Desplazados,2007,Asignados,1,10842500.0
BOLÍVAR,13,TURBACO,13836,MI CASA YA,2020,Asignados,1,26334090.0
VALLE DEL CAUCA,76,ZARZAL,76895,MI CASA YA,2023,Asignados,1,34800000.0
ATLÁNTICO,8,BARRANQUILLA,8001,MI CASA YA,2024,Renuncias al subsidio,1,39000000.0
ANTIOQUIA,5,CAREPA,5147,MI CASA YA,2021,Asignados,2,45426300.0
CAUCA,19,PUERTO TEJADA,19573,MI CASA YA,2021,Renuncias al subsidio,1,18170520.0
BOLÍVAR,13,TURBACO,13836,MI CASA YA,2022,Asignados,7,180000000.0
CUNDINAMARCA,25,FUSAGASUGÁ,25290,MI CASA YA,2024,Asignados,2,52000000.0
VALLE DEL CAUCA,76,LA UNIÓN,76400,MI CASA YA,2023,Renuncias al subsidio,1,34800000.0
NORTE DE SANTANDER,54,VILLA DEL ROSARIO,54874,MI CASA YA,2019,Asignados,4,81405380.0
LA GUAJIRA,44,FONSECA,44279,Bolsa Atentados terroristas,2004,Apto con subsidio vencido,1,7518000.0
NORTE DE SANTANDER,54,SAN JOSÉ DE CÚCUTA,54001,MI CASA YA,2015,Asignados,3,38661000.0
NORTE DE SANTANDER,54,VILLA DEL ROSARIO,54874,Ahorro Programado Contractual,2012,Asignados,2,17317594.0
ANTIOQUIA,5,LA CEJA,5376,MI CASA YA,2020,Asignados,1,17556060.0
NORTE DE SANTANDER,54,SAN JOSÉ DE CÚCUTA,54001,MI CASA YA,2017,Asignados,7,85575172.0
RISARALDA,66,PEREIRA,66001,Bolsa Desplazados,2009,Renuncias al subsidio,1,8695750.0
BOYACÁ,15,GUACAMAYAS,15317,Bolsa Saludable,2010,Apto con subsidio vencido,2,7945159.0
CHOCÓ,27,TADÓ,27787,Programa Vivienda Gratuita Fase II,2020,Asignados,4,305475444.0
SANTANDER,68,BARRANCABERMEJA,68081,MI CASA YA,2019,Apto con subsidio vencido,1,16562320.0
ATLÁNTICO,8,SOLEDAD,8758,MI CASA YA,2022,Apto con subsidio vencido,2,60000000.0
RISARALDA,66,DOSQUEBRADAS,66170,MI CASA YA,2022,Asignados,2,40000000.0
META,50,VILLAVICENCIO,50001,Bolsa unica Nacional,2019,Asignados,4,47656493.0
RISARALDA,66,PEREIRA,66001,MI CASA YA,2021,Asignados,7,145364160.0
CAQUETÁ,18,FLORENCIA,18001,MI CASA YA,2019,Asignados,1,24843480.0
RISARALDA,66,PEREIRA,66001,Semillero de Propietarios Arriendo,2021,Asignados,2,26900760.0
SANTANDER,68,PIEDECUESTA,68547,VIPA,2015,Renuncias al subsidio,4,72392775.0
META,50,ACACÍAS,50006,Semillero de Propietarios Arriendo,2021,Asignados,1,8302068.0
ANTIOQUIA,5,RIONEGRO,5615,MI CASA YA,2020,Asignados,2,35112120.0
ANTIOQUIA,5,FRONTINO,5284,Programa Vivienda Gratuita Fase I,2015,Asignados,2,73920000.0
RISARALDA,66,PEREIRA,66001,MI CASA YA,2024,Asignados,3,104000000.0
ANTIOQUIA,5,SEGOVIA,5736,Bolsa Desplazados,2010,Asignado con aplicación en Vivienda Gratuita,1,15450000.0
NARIÑO,52,PASTO,52001,MI CASA YA,2023,Apto con subsidio vencido,1,34800000.0
ANTIOQUIA,5,CAUCASIA,5154,MI CASA YA,2025,Asignados,3,113880000.0
BOLÍVAR,13,TURBACO,13836,MI CASA YA,2018,Asignados,1,15624840.0
CAUCA,19,PIENDAMÓ - TUNÍA,19548,Bolsa Desplazados,2006,Asignados,1,10200000.0
VALLE DEL CAUCA,76,PRADERA,76563,Bolsa Desplazados,2004,Asignado posteriormente beneficiario de Vivienda Gratuita,3,13425000.0
ANTIOQUIA,5,PUERTO BERRÍO,5579,Bolsa Desplazados,2004,Asignados,1,8950000.0
HUILA,41,SAN AGUSTÍN,41668,Bolsa Desplazados,2007,Asignados,14,151795000.0
SANTANDER,68,PIEDECUESTA,68547,Semillero de Propietarios Arriendo,2022,Asignados,2,30689280.0
ATLÁNTICO,8,SANTA LUCÍA,8675,Bolsa Esfuerzo Territorial,2010,Asignados,145,1581384250.0
ANTIOQUIA,5,BELLO,5088,Casa Digna Vida Digna,2022,Renuncias al subsidio,1,10617761.0
ATLÁNTICO,8,BARRANQUILLA,8001,MI CASA YA,2016,Asignados,1,8273460.0
QUINDÍO,63,CALARCÁ,63130,MI CASA YA,2024,Asignados,1,39000000.0
BOLÍVAR,13,TURBACO,13836,MI CASA YA,2020,Asignados,2,52668180.0
ANTIOQUIA,5,ITAGÜÍ,5360,MI CASA YA,2016,Renuncias al subsidio,1,8273460.0
QUINDÍO,63,CALARCÁ,63130,MI CASA YA,2020,Asignados,1,26334090.0
ANTIOQUIA,5,BELLO,5088,MI CASA YA,2020,Apto con subsidio vencido,1,17556060.0
CUNDINAMARCA,25,TOCANCIPÁ,25817,Semillero de Propietarios Arriendo,2022,Asignados,1,15344640.0
VALLE DEL CAUCA,76,GUADALAJARA DE BUGA,76111,VIPA,2016,Renuncias al subsidio,1,20683650.0
CUNDINAMARCA,25,GIRARDOT,25307,MI CASA YA,2021,Asignados,1,18170520.0
ATLÁNTICO,8,MALAMBO,8433,Bolsa Ordinaria,2004,Renuncias al subsidio,1,7518000.0
VALLE DEL CAUCA,76,GUACARÍ,76318,MI CASA YA,2020,Asignados,1,17556060.0
ANTIOQUIA,5,COPACABANA,5212,Semillero de Propietarios Arriendo,2021,Asignados,1,13450380.0
CASANARE,85,SAN LUIS DE PALENQUE,85325,Bolsa Concejales,2010,Apto con subsidio vencido,1,11330000.0
NORTE DE SANTANDER,54,TEORAMA,54800,Bolsa Desplazados,2005,Asignados,1,4475000.0
CASANARE,85,YOPAL,85001,Bolsa Desplazados,2008,Asignados,98,866847000.0
BOLÍVAR,13,MAGANGUÉ,13430,Casa Digna Vida Digna,2024,Asignados,11,171600000.0
ATLÁNTICO,8,BARRANQUILLA,8001,MI CASA YA,2021,Asignados,100,2271315000.0
MAGDALENA,47,SANTA MARTA,47001,MI CASA YA,2017,Asignados,5,88526040.0
QUINDÍO,63,CALARCÁ,63130,MI CASA YA,2023,Asignados,3,81200000.0
MAGDALENA,47,SANTA MARTA,47001,Semillero de Propietarios Arriendo,2025,Asignados,6,44173800.0
NORTE DE SANTANDER,54,VILLA DEL ROSARIO,54874,MI CASA YA,2020,Asignados,4,96558330.0
TOLIMA,73,ESPINAL,73268,MI CASA YA,2015,Asignados,4,51548000.0
ATLÁNTICO,8,SABANALARGA,8638,MI CASA YA,2019,Asignados,4,82811600.0
META,50,VILLAVICENCIO,50001,Programa Vivienda Gratuita Fase I,2016,Asignados,1,41238400.0
BOLÍVAR,13,CARTAGENA DE INDIAS,13001,MI CASA YA,2017,Asignados,5,81148870.0
CUNDINAMARCA,25,RICAURTE,25612,MI CASA YA,2024,Asignados,1,26000000.0
ANTIOQUIA,5,MEDELLÍN,5001,MI CASA YA,2016,Asignados,2,16546920.0
BOYACÁ,15,TUNJA,15001,MI CASA YA,2019,Asignados,1,16562320.0
VICHADA,99,CUMARIBO,99773,Bolsa Desplazados,2009,Asignados,8,119256000.0
CAUCA,19,POPAYÁN,19001,MI CASA YA,2019,Asignados,5,91092760.0
CÓRDOBA,23,CERETÉ,23162,MI CASA YA,2022,Apto con subsidio vencido,1,20000000.0
CAQUETÁ,18,FLORENCIA,18001,MI CASA YA,2018,Asignados,1,15624840.0
TOLIMA,73,IBAGUÉ,73001,MI CASA YA,2018,Apto con subsidio vencido,1,23437260.0
CUNDINAMARCA,25,SOACHA,25754,MI CASA YA,2019,Asignados,3,57968120.0
BOYACÁ,15,CHIQUINQUIRÁ,15176,Semillero de Propietarios Ahorro,2020,Apto con subsidio vencido,1,5266818.0
CÓRDOBA,23,MONTERÍA,23001,MI CASA YA,2020,Asignados,2,43890150.0
CESAR,20,BECERRIL,20045,Bolsa Desplazados,2007,Subsidio Revocado,2,17391500.0
NARIÑO,52,LA LLANADA,52385,Bolsa Atentados terroristas,2005,Renuncias al subsidio,1,8011500.0
META,50,SAN MARTÍN,50689,MI CASA YA,2023,Asignados,3,81200000.0
CALDAS,17,VILLAMARÍA,17873,VIPA,2016,Renuncias al subsidio,1,20683650.0
ANTIOQUIA,5,MEDELLÍN,5001,Casa Digna Vida Digna,2025,Asignados,3,70200000.0
VALLE DEL CAUCA,76,JAMUNDÍ,76364,Semillero de Propietarios Arriendo,2021,Asignados,1,13450380.0
CESAR,20,VALLEDUPAR,20001,MI CASA YA,2016,Apto con subsidio vencido,1,13789100.0
QUINDÍO,63,ARMENIA,63001,Semillero de Propietarios Arriendo,2020,Asignados,1,12742092.0
ANTIOQUIA,5,ENVIGADO,5266,MI CASA YA,2025,Asignados,3,113880000.0
BOYACÁ,15,PAIPA,15516,Semillero de Propietarios Ahorro,2021,Asignados,1,5451156.0
ANTIOQUIA,5,APARTADÓ,5045,Semillero de Propietarios Ahorro,2021,Asignados,1,5451156.0
BOLÍVAR,13,TURBACO,13836,MI CASA YA,2017,Asignados,1,14754340.0
CASANARE,85,TRINIDAD,85430,Bolsa Desplazados,2008,Asignados,1,14907000.0
ANTIOQUIA,5,SAN ROQUE,5670,Bolsa Desplazados,2010,Asignados,1,15450000.0
CESAR,20,VALLEDUPAR,20001,Bolsa Desplazados,2005,Asignado con aplicación en Vivienda Gratuita,3,44721000.0
META,50,VILLAVICENCIO,50001,Casa Digna Vida Digna,2022,Asignados,1,11999975.0
VALLE DEL CAUCA,76,SANTIAGO DE CALI,76001,Semillero de Propietarios Arriendo,2020,Renuncias al subsidio,1,13303909.0
LA GUAJIRA,44,DIBULLA,44090,Bolsa Atentados terroristas,2006,Asignados,1,8568000.0
BOYACÁ,15,SAMACÁ,15646,Semillero de Propietarios Ahorro,2023,Asignados,2,13920000.0
ANTIOQUIA,5,YARUMAL,5887,MI CASA YA,2021,Asignados,2,45426300.0
ANTIOQUIA,5,LA ESTRELLA,5380,MI CASA YA,2021,Asignados,1,18170520.0
META,50,VILLAVICENCIO,50001,MI CASA YA,2018,Asignados,1,15624840.0
ANTIOQUIA,5,AMALFI,5031,Bolsa Desplazados,2010,Restitución SFV por Indemnización,1,15450000.0
CUNDINAMARCA,25,VILLETA,25875,MI CASA YA,2022,Apto con subsidio vencido,1,20000000.0
"BOGOTÁ, D.C.",11,"BOGOTÁ, D.C.",11001,Bolsa Concejales,2009,Restitución SFV por Vencimiento Vigencia,1,5714350.0
SANTANDER,68,BUCARAMANGA,68001,Bolsa Desplazados,2004,Renuncia con restitucion de subsidio,4,17900000.0
VALLE DEL CAUCA,76,YUMBO,76892,MI CASA YA,2019,Asignados,14,273278280.0
SANTANDER,68,GIRÓN,68307,MI CASA YA,2023,Asignados,15,487200000.0
MAGDALENA,47,SANTA MARTA,47001,Bolsa Desplazados,2005,Asignados,17,161071000.0
VALLE DEL CAUCA,76,YUMBO,76892,MI CASA YA,2021,Asignados,4,72682080.0
MAGDALENA,47,SANTA MARTA,47001,MI CASA YA,2015,Asignados,13,157221400.0
CESAR,20,AGUACHICA,20011,VIPA,2016,Asignados,2,41367300.0
BOLÍVAR,13,CARTAGENA DE INDIAS,13001,MI CASA YA,2022,Asignados,38,1060000000.0
SANTANDER,68,GIRÓN,68307,MI CASA YA,2022,Asignados,73,1930000000.0
ANTIOQUIA,5,TURBO,5837,Bolsa Desplazados,2010,Asignados,113,1699500000.0
CAUCA,19,POPAYÁN,19001,Semillero de Propietarios Arriendo,2022,Asignados,5,76723200.0
VALLE DEL CAUCA,76,SANTIAGO DE CALI,76001,Bolsa Desplazados,2009,Asignados,39,501869000.0
ATLÁNTICO,8,SOLEDAD,8758,Semillero de Propietarios Arriendo,2022,Renuncias al subsidio,3,43200000.0
BOYACÁ,15,RONDÓN,15621,Programa Vivienda Gratuita Fase I,2015,Asignados,24,1059001344.0
VALLE DEL CAUCA,76,CANDELARIA,76130,MI CASA YA,2020,Asignados,45,1062141630.0
BOYACÁ,15,PAIPA,15516,MI CASA YA,2024,Asignados,7,208000000.0
CALDAS,17,RIOSUCIO,17614,Bolsa Ordinaria,2005,Renuncias al subsidio,9,72103500.0
ANTIOQUIA,5,BELLO,5088,MI CASA YA,2024,Asignados,3,91000000.0
LA GUAJIRA,44,HATONUEVO,44378,Programa Vivienda Gratuita Fase II,2020,Asignados,3,166451316.0
BOYACÁ,15,PAIPA,15516,MI CASA YA,2018,Asignados,1,23437260.0
ANTIOQUIA,5,TÁMESIS,5789,MI CASA YA,2024,Asignados,7,182000000.0
ANTIOQUIA,5,SABANETA,5631,MI CASA YA,2018,Asignados,4,70311780.0
CESAR,20,VALLEDUPAR,20001,MI CASA YA,2019,Asignados,13,256715960.0
NORTE DE SANTANDER,54,CHINÁCOTA,54172,MI CASA YA,2023,Asignados,1,23200000.0
SANTANDER,68,BUCARAMANGA,68001,MI CASA YA,2018,Asignados,1,15624840.0
LA GUAJIRA,44,FONSECA,44279,Bolsa Desplazados,2011,Subsidio Revocado,2,32136000.0
LA GUAJIRA,44,MANAURE,44560,VIPA,2021,Asignados,2,54511560.0
"BOGOTÁ, D.C.",11,"BOGOTÁ, D.C.",11001,Semillero de Propietarios Arriendo,2020,Asignados,4,53215540.0
ANTIOQUIA,5,LA CEJA,5376,MI CASA YA,2016,Asignados,1,8273460.0
NORTE DE SANTANDER,54,VILLA DEL ROSARIO,54874,MI CASA YA,2015,Apto con subsidio vencido,1,12887000.0
CUNDINAMARCA,25,EL ROSAL,25260,MI CASA YA,2024,Asignados,10,260000000.0
CUNDINAMARCA,25,ANAPOIMA,25035,Ahorro Programado Contractual,2009,Apto con subsidio vencido,2,14211340.0
META,50,RESTREPO,50606,MI CASA YA,2020,Asignados,2,35112120.0
MAGDALENA,47,SANTA MARTA,47001,MI CASA YA,2020,Asignados,2,43890150.0
CÓRDOBA,23,TIERRALTA,23807,Programa Vivienda Gratuita Fase I,2007,Asignados,3,44721000.0
ANTIOQUIA,5,JERICÓ,5368,Bolsa Esfuerzo Territorial,2003,Asignados,1,7107000.0
TOLIMA,73,FLANDES,73275,MI CASA YA,2021,Asignados,1,27255780.0
MAGDALENA,47,SANTA BÁRBARA DE PINTO,47720,Casa Digna Vida Digna,2025,Asignados,3,46564203.0
QUINDÍO,63,ARMENIA,63001,MI CASA YA,2018,Asignados,2,46874520.0
VALLE DEL CAUCA,76,CANDELARIA,76130,VIPA,2016,Asignados,5,99970975.0
ATLÁNTICO,8,SUAN,8770,Casa Digna Vida Digna,2025,Asignados,1,15600000.0
MAGDALENA,47,SANTA MARTA,47001,VIPA,2016,Renuncias al subsidio,2,37920025.0
VALLE DEL CAUCA,76,ROLDANILLO,76622,MI CASA YA,2020,Asignados,2,35112120.0
CUNDINAMARCA,25,APULO,25599,MI CASA YA,2021,Asignados,1,18170520.0
CALDAS,17,MANIZALES,17001,MI CASA YA,2017,Asignados,3,38361284.0
VALLE DEL CAUCA,76,BUENAVENTURA,76109,Macroproyecto,2015,Asignados,74,4682786378.0
NORTE DE SANTANDER,54,SAN JOSÉ DE CÚCUTA,54001,Bolsa Desastres Naturales,2007,Asignados,106,908208000.0
BOLÍVAR,13,CARTAGENA DE INDIAS,13001,MI CASA YA,2024,Asignados,67,2496000000.0
VALLE DEL CAUCA,76,YUMBO,76892,MI CASA YA,2024,Asignados,30,1027000000.0
TOLIMA,73,IBAGUÉ,73001,MI CASA YA,2017,Asignados,75,1136084180.0
VALLE DEL CAUCA,76,JAMUNDÍ,76364,Bolsa Desplazados,2011,Asignados,3,48204000.0
ANTIOQUIA,5,VALPARAÍSO,5856,MI CASA YA,2018,Asignados,1,15624840.0
MAGDALENA,47,ARACATACA,47053,Bolsa Desplazados,2008,Renuncia con restitucion de subsidio,2,29814000.0
ANTIOQUIA,5,NECOCLÍ,5490,Bolsa Desplazados,2007,Asignados,10,120618500.0
ANTIOQUIA,5,CALDAS,5129,MI CASA YA,2016,Asignados,2,16546920.0
VALLE DEL CAUCA,76,PALMIRA,76520,MI CASA YA,2018,Asignados,7,117186300.0
TOLIMA,73,CARMEN DE APICALÁ,73148,Programa Vivienda Gratuita Fase I,2014,Asignados,65,2650139000.0
CALDAS,17,CHINCHINÁ,17174,VIPA,2016,Asignados,79,1613324700.0
CAUCA,19,POPAYÁN,19001,MI CASA YA,2018,Asignados,4,85936620.0
CUNDINAMARCA,25,SUTATAUSA,25781,Bolsa Desplazados,2008,Asignado con aplicación en Vivienda Gratuita,1,14907000.0
CESAR,20,SAN DIEGO,20750,Casa Digna Vida Digna,2025,Asignados,4,55679806.0
NARIÑO,52,LA TOLA,52390,Bolsa Atentados terroristas,2006,Asignados,22,188496000.0
CALDAS,17,MANIZALES,17001,MI CASA YA,2023,Asignados,8,232000000.0
CUNDINAMARCA,25,SOACHA,25754,MI CASA YA,2017,Asignados,13,199183590.0
VALLE DEL CAUCA,76,PRADERA,76563,MI CASA YA,2024,Asignados,3,91000000.0
QUINDÍO,63,CALARCÁ,63130,MI CASA YA,2023,Asignados,11,336400000.0
GUAINÍA,94,BARRANCOMINAS,94343,Casa Digna Vida Digna,2026,Asignados,35,545000842.8
CESAR,20,AGUACHICA,20011,MI CASA YA,2022,Asignados,1,30000000.0
CUNDINAMARCA,25,MEDINA,25438,Casa Digna Vida Digna,2025,Asignados,8,124800000.0
CAQUETÁ,18,SAN VICENTE DEL CAGUÁN,18753,Programa Vivienda Gratuita Fase II,2021,Asignados,160,6851764970.0
ATLÁNTICO,8,BARRANQUILLA,8001,MI CASA YA,2022,Asignados,30,810000000.0
NARIÑO,52,SANTA BÁRBARA,52696,Bolsa Atentados terroristas,2009,Asignados,48,524724000.0
ANTIOQUIA,5,GUARNE,5318,MI CASA YA,2023,Asignados,11,278400000.0
CUNDINAMARCA,25,SOACHA,25754,MI CASA YA,2024,Asignados,32,832000000.0
TOLIMA,73,IBAGUÉ,73001,MI CASA YA,2022,Asignados,219,5160000000.0
BOLÍVAR,13,CARTAGENA DE INDIAS,13001,MI CASA YA,2023,Apto con subsidio vencido,4,139200000.0
CÓRDOBA,23,CANALETE,23090,Bolsa Desastres Naturales,2008,Renuncia con restitucion de subsidio,25,124688750.0
CALDAS,17,CHINCHINÁ,17174,VIPA,2016,Asignados,9,179258300.0
ANTIOQUIA,5,FRONTINO,5284,Bolsa Saludable,2008,Apto con subsidio vencido,5,18460000.0
ANTIOQUIA,5,GUATAPÉ,5321,Bolsa Desplazados,2010,Asignados,1,15450000.0
VALLE DEL CAUCA,76,PALMIRA,76520,MI CASA YA,2023,Asignados,24,719200000.0
META,50,GRANADA,50313,MI CASA YA,2022,Asignados,1,20000000.0
BOYACÁ,15,PAIPA,15516,Semillero de Propietarios Ahorro,2022,Asignados,1,6000000.0
MAGDALENA,47,EL BANCO,47245,Bolsa Concejales,2008,Asignados,4,40612000.0
BOYACÁ,15,BOAVITA,15097,MI CASA YA,2023,Asignados,5,174000000.0
ANTIOQUIA,5,CONCORDIA,5209,Programa Vivienda Gratuita Fase I,2015,Asignados,2,70740000.0
TOLIMA,73,CHAPARRAL,73168,Casa Digna Vida Digna,2025,Asignados,7,109188122.0
CUNDINAMARCA,25,TOCANCIPÁ,25817,MI CASA YA,2022,Apto con subsidio vencido,3,60000000.0
SANTANDER,68,BARRANCABERMEJA,68081,MI CASA YA,2021,Asignados,4,99937860.0
CASANARE,85,AGUAZUL,85010,MI CASA YA,2022,Asignados,1,30000000.0
QUINDÍO,63,ARMENIA,63001,MI CASA YA,2016,Asignados,1,13789100.0
BOYACÁ,15,TUNJA,15001,MI CASA YA,2018,Asignados,2,31249680.0
QUINDÍO,63,ARMENIA,63001,MI CASA YA,2015,Asignados,1,12887000.0
BOYACÁ,15,CHIQUINQUIRÁ,15176,MI CASA YA,2020,Asignados,1,26334090.0
TOLIMA,73,ROVIRA,73624,Bolsa Atentados terroristas,2009,Asignados,1,10931800.0
BOYACÁ,15,DUITAMA,15238,Semillero de Propietarios Ahorro,2021,Asignados,2,10902312.0
BOYACÁ,15,OTANCHE,15507,Bolsa Desplazados,2008,Asignados,1,14907000.0
NORTE DE SANTANDER,54,ÁBREGO,54003,Semillero de Propietarios Arriendo,2021,Asignados,1,13450380.0
ANTIOQUIA,5,LA CEJA,5376,Semillero de Propietarios Ahorro,2022,Asignados,2,12000000.0
LA GUAJIRA,44,VILLANUEVA,44874,Bolsa Desplazados,2006,Asignados,3,15300000.0
META,50,VILLAVICENCIO,50001,MI CASA YA,2019,Asignados,3,49686960.0
VALLE DEL CAUCA,76,CARTAGO,76147,VIPA,2016,Asignados,1,20683650.0
CUNDINAMARCA,25,SIMIJACA,25745,Bolsa Concejales,2009,Asignados,1,8447300.0
MAGDALENA,47,CIÉNAGA,47189,Bolsa Desplazados,2006,Asignado con aplicación en Vivienda Gratuita,1,10200000.0
NORTE DE SANTANDER,54,SAN JOSÉ DE CÚCUTA,54001,Bolsa Desplazados,2006,Renuncia con restitucion de subsidio,1,10142880.0
NORTE DE SANTANDER,54,LOS PATIOS,54405,MI CASA YA,2018,Asignados,1,15624840.0
SANTANDER,68,BUCARAMANGA,68001,Semillero de Propietarios Arriendo,2021,Asignados,1,13450380.0
CUNDINAMARCA,25,SOACHA,25754,Bolsa Desplazados,2017,Asignados,1,22131510.0
RISARALDA,66,DOSQUEBRADAS,66170,MI CASA YA,2018,Renuncias al subsidio,1,15624840.0
BOYACÁ,15,MONIQUIRÁ,15469,Ahorro Programado Contractual,2009,Apto con subsidio vencido,1,7105670.0
CESAR,20,VALLEDUPAR,20001,Semillero de Propietarios Arriendo,2022,Asignados,1,10229760.0
CUNDINAMARCA,25,CUCUNUBÁ,25224,MI CASA YA,2024,Asignados,1,26000000.0
CALDAS,17,VILLAMARÍA,17873,MI CASA YA,2020,Asignados,1,26334090.0
VALLE DEL CAUCA,76,ROLDANILLO,76622,MI CASA YA,2019,Asignados,1,24843480.0
META,50,ACACÍAS,50006,Bolsa Desplazados,2004,Subsidio Revocado,1,7000000.0
ATLÁNTICO,8,SOLEDAD,8758,MI CASA YA,2020,Asignados,27,632018160.0
TOLIMA,73,SAN ANTONIO,73675,Bolsa Desplazados,2009,Asignados,5,74535000.0
LA GUAJIRA,44,RIOHACHA,44001,Bolsa Desplazados,2010,Apto con subsidio vencido,1,15450000.0
CALDAS,17,MANIZALES,17001,MI CASA YA,2023,Asignados,10,290000000.0
CÓRDOBA,23,CERETÉ,23162,MI CASA YA,2020,Asignados,3,79002270.0
BOLÍVAR,13,TURBACO,13836,MI CASA YA,2017,Asignados,5,88526040.0
ATLÁNTICO,8,SOLEDAD,8758,MI CASA YA,2022,Asignados,9,190000000.0
META,50,VILLAVICENCIO,50001,MI CASA YA,2019,Asignados,8,165623200.0
"BOGOTÁ, D.C.",11,"BOGOTÁ, D.C.",11001,MI CASA YA,2024,Asignados,54,1404000000.0
BOYACÁ,15,TUNJA,15001,MI CASA YA,2017,Asignados,1,14754340.0
